work,words
urn:cts:greekLit:ggm0001.ggm001,382
urn:cts:greekLit:ogl0001.ogl001,87
urn:cts:greekLit:stoa0033a.tlg028,6424
urn:cts:greekLit:stoa0033a.tlg043,3460
urn:cts:greekLit:stoa0121.stoa001,23867
urn:cts:greekLit:stoa0146d.stoa001,28057
urn:cts:greekLit:tlg0001.tlg001,38822
urn:cts:greekLit:tlg0003.tlg001,150139
urn:cts:greekLit:tlg0004.tlg001,108733
urn:cts:greekLit:tlg0005.tlg001,11157
urn:cts:greekLit:tlg0005.tlg002,1750
urn:cts:greekLit:tlg0005.tlg003,77
urn:cts:greekLit:tlg0006.tlg001,4139
urn:cts:greekLit:tlg0006.tlg002,6602
urn:cts:greekLit:tlg0006.tlg003,8026
urn:cts:greekLit:tlg0006.tlg004,6272
urn:cts:greekLit:tlg0006.tlg005,8256
urn:cts:greekLit:tlg0006.tlg006,7397
urn:cts:greekLit:tlg0006.tlg007,7340
urn:cts:greekLit:tlg0006.tlg008,7166
urn:cts:greekLit:tlg0006.tlg009,7977
urn:cts:greekLit:tlg0006.tlg010,9339
urn:cts:greekLit:tlg0006.tlg011,7230
urn:cts:greekLit:tlg0006.tlg012,7781
urn:cts:greekLit:tlg0006.tlg013,8497
urn:cts:greekLit:tlg0006.tlg014,9982
urn:cts:greekLit:tlg0006.tlg015,9951
urn:cts:greekLit:tlg0006.tlg016,10115
urn:cts:greekLit:tlg0006.tlg017,7610
urn:cts:greekLit:tlg0006.tlg018,9481
urn:cts:greekLit:tlg0006.tlg019,5502
urn:cts:greekLit:tlg0006.tlg020,15706
urn:cts:greekLit:tlg0007.tlg001,7399
urn:cts:greekLit:tlg0007.tlg002,9214
urn:cts:greekLit:tlg0007.tlg003,1156
urn:cts:greekLit:tlg0007.tlg004,9394
urn:cts:greekLit:tlg0007.tlg005,7506
urn:cts:greekLit:tlg0007.tlg006,1587
urn:cts:greekLit:tlg0007.tlg007,8507
urn:cts:greekLit:tlg0007.tlg008,5844
urn:cts:greekLit:tlg0007.tlg009,940
urn:cts:greekLit:tlg0007.tlg010,7894
urn:cts:greekLit:tlg0007.tlg011,11044
urn:cts:greekLit:tlg0007.tlg012,10001
urn:cts:greekLit:tlg0007.tlg013,7714
urn:cts:greekLit:tlg0007.tlg014,719
urn:cts:greekLit:tlg0007.tlg015,10072
urn:cts:greekLit:tlg0007.tlg016,9337
urn:cts:greekLit:tlg0007.tlg017,1068
urn:cts:greekLit:tlg0007.tlg018,9051
urn:cts:greekLit:tlg0007.tlg019,9615
urn:cts:greekLit:tlg0007.tlg020,478
urn:cts:greekLit:tlg0007.tlg021,9411
urn:cts:greekLit:tlg0007.tlg022,8423
urn:cts:greekLit:tlg0007.tlg023,800
urn:cts:greekLit:tlg0007.tlg024,8139
urn:cts:greekLit:tlg0007.tlg025,8065
urn:cts:greekLit:tlg0007.tlg026,1460
urn:cts:greekLit:tlg0007.tlg027,5690
urn:cts:greekLit:tlg0007.tlg028,5819
urn:cts:greekLit:tlg0007.tlg029,546
urn:cts:greekLit:tlg0007.tlg030,10871
urn:cts:greekLit:tlg0007.tlg031,12787
urn:cts:greekLit:tlg0007.tlg032,8111
urn:cts:greekLit:tlg0007.tlg033,11492
urn:cts:greekLit:tlg0007.tlg034,1233
urn:cts:greekLit:tlg0007.tlg035,5824
urn:cts:greekLit:tlg0007.tlg036,13329
urn:cts:greekLit:tlg0007.tlg037,984
urn:cts:greekLit:tlg0007.tlg038,9025
urn:cts:greekLit:tlg0007.tlg039,10215
urn:cts:greekLit:tlg0007.tlg040,1206
urn:cts:greekLit:tlg0007.tlg041,5509
urn:cts:greekLit:tlg0007.tlg042,6649
urn:cts:greekLit:tlg0007.tlg043,397
urn:cts:greekLit:tlg0007.tlg044,10723
urn:cts:greekLit:tlg0007.tlg045,20103
urn:cts:greekLit:tlg0007.tlg046,1079
urn:cts:greekLit:tlg0007.tlg047,19880
urn:cts:greekLit:tlg0007.tlg048,16006
urn:cts:greekLit:tlg0007.tlg049,8161
urn:cts:greekLit:tlg0007.tlg050,16627
urn:cts:greekLit:tlg0007.tlg051,13414
urn:cts:greekLit:tlg0007.tlg052,9178
urn:cts:greekLit:tlg0007.tlg053,975
urn:cts:greekLit:tlg0007.tlg054,6820
urn:cts:greekLit:tlg0007.tlg055,11956
urn:cts:greekLit:tlg0007.tlg056,976
urn:cts:greekLit:tlg0007.tlg057,12278
urn:cts:greekLit:tlg0007.tlg058,18467
urn:cts:greekLit:tlg0007.tlg059,880
urn:cts:greekLit:tlg0007.tlg060,11761
urn:cts:greekLit:tlg0007.tlg061,11858
urn:cts:greekLit:tlg0007.tlg062,936
urn:cts:greekLit:tlg0007.tlg063,11759
urn:cts:greekLit:tlg0007.tlg064,7351
urn:cts:greekLit:tlg0007.tlg065,6148
urn:cts:greekLit:tlg0007.tlg066,4129
urn:cts:greekLit:tlg0007.tlg067,6147
urn:cts:greekLit:tlg0007.tlg068,9861
urn:cts:greekLit:tlg0007.tlg069,5120
urn:cts:greekLit:tlg0007.tlg070,11773
urn:cts:greekLit:tlg0007.tlg071,5044
urn:cts:greekLit:tlg0007.tlg072,2999
urn:cts:greekLit:tlg0007.tlg073,1813
urn:cts:greekLit:tlg0007.tlg074,1255
urn:cts:greekLit:tlg0007.tlg075,664
urn:cts:greekLit:tlg0007.tlg076,9236
urn:cts:greekLit:tlg0007.tlg077,6929
urn:cts:greekLit:tlg0007.tlg078,3713
urn:cts:greekLit:tlg0007.tlg079,8746
urn:cts:greekLit:tlg0007.tlg080,3325
urn:cts:greekLit:tlg0007.tlg081,15961
urn:cts:greekLit:tlg0007.tlg082,13381
urn:cts:greekLit:tlg0007.tlg082a,1617
urn:cts:greekLit:tlg0007.tlg082b,1085
urn:cts:greekLit:tlg0007.tlg083,9422
urn:cts:greekLit:tlg0007.tlg084a,13458
urn:cts:greekLit:tlg0007.tlg084b,5940
urn:cts:greekLit:tlg0007.tlg085,4728
urn:cts:greekLit:tlg0007.tlg086,4573
urn:cts:greekLit:tlg0007.tlg087,8321
urn:cts:greekLit:tlg0007.tlg088,2681
urn:cts:greekLit:tlg0007.tlg089,15885
urn:cts:greekLit:tlg0007.tlg090,4876
urn:cts:greekLit:tlg0007.tlg091,7102
urn:cts:greekLit:tlg0007.tlg092,13542
urn:cts:greekLit:tlg0007.tlg093,654
urn:cts:greekLit:tlg0007.tlg094,5759
urn:cts:greekLit:tlg0007.tlg095,5441
urn:cts:greekLit:tlg0007.tlg096,6042
urn:cts:greekLit:tlg0007.tlg097,6621
urn:cts:greekLit:tlg0007.tlg098,2162
urn:cts:greekLit:tlg0007.tlg099,862
urn:cts:greekLit:tlg0007.tlg100,852
urn:cts:greekLit:tlg0007.tlg101,5871
urn:cts:greekLit:tlg0007.tlg102,3714
urn:cts:greekLit:tlg0007.tlg103,2249
urn:cts:greekLit:tlg0007.tlg104,3659
urn:cts:greekLit:tlg0007.tlg105,996
urn:cts:greekLit:tlg0007.tlg106,3969
urn:cts:greekLit:tlg0007.tlg107,9366
urn:cts:greekLit:tlg0007.tlg108,3423
urn:cts:greekLit:tlg0007.tlg109,11501
urn:cts:greekLit:tlg0007.tlg110,3914
urn:cts:greekLit:tlg0007.tlg111,1945
urn:cts:greekLit:tlg0007.tlg112,60828
urn:cts:greekLit:tlg0007.tlg113,10849
urn:cts:greekLit:tlg0007.tlg114,1815
urn:cts:greekLit:tlg0007.tlg115,1531
urn:cts:greekLit:tlg0007.tlg116,1590
urn:cts:greekLit:tlg0007.tlg117,6743
urn:cts:greekLit:tlg0007.tlg118,12441
urn:cts:greekLit:tlg0007.tlg119,548
urn:cts:greekLit:tlg0007.tlg120,2007
urn:cts:greekLit:tlg0007.tlg121,9094
urn:cts:greekLit:tlg0007.tlg122,718
urn:cts:greekLit:tlg0007.tlg123,8969
urn:cts:greekLit:tlg0007.tlg125,4754
urn:cts:greekLit:tlg0007.tlg126,12688
urn:cts:greekLit:tlg0007.tlg127,5009
urn:cts:greekLit:tlg0007.tlg128,1626
urn:cts:greekLit:tlg0007.tlg129,11882
urn:cts:greekLit:tlg0007.tlg130,3454
urn:cts:greekLit:tlg0007.tlg131,1587
urn:cts:greekLit:tlg0007.tlg132,1245
urn:cts:greekLit:tlg0007.tlg133,6182
urn:cts:greekLit:tlg0007.tlg134,9442
urn:cts:greekLit:tlg0007.tlg135,1192
urn:cts:greekLit:tlg0007.tlg136,12073
urn:cts:greekLit:tlg0007.tlg137,502
urn:cts:greekLit:tlg0007.tlg138,13798
urn:cts:greekLit:tlg0007.tlg139,9714
urn:cts:greekLit:tlg0007.tlg140,9894
urn:cts:greekLit:tlg0007.tlg141,1238
urn:cts:greekLit:tlg0007.tlg146,2685
urn:cts:greekLit:tlg0007.tlg147,143
urn:cts:greekLit:tlg0008.tlg001,272694
urn:cts:greekLit:tlg0010.tlg001,1095
urn:cts:greekLit:tlg0010.tlg002,3559
urn:cts:greekLit:tlg0010.tlg003,1121
urn:cts:greekLit:tlg0010.tlg004,2901
urn:cts:greekLit:tlg0010.tlg005,3362
urn:cts:greekLit:tlg0010.tlg006,2924
urn:cts:greekLit:tlg0010.tlg007,2893
urn:cts:greekLit:tlg0010.tlg008,1324
urn:cts:greekLit:tlg0010.tlg009,3730
urn:cts:greekLit:tlg0010.tlg010,2748
urn:cts:greekLit:tlg0010.tlg011,10780
urn:cts:greekLit:tlg0010.tlg012,3191
urn:cts:greekLit:tlg0010.tlg013,3012
urn:cts:greekLit:tlg0010.tlg014,3736
urn:cts:greekLit:tlg0010.tlg015,4601
urn:cts:greekLit:tlg0010.tlg016,6129
urn:cts:greekLit:tlg0010.tlg017,7926
urn:cts:greekLit:tlg0010.tlg018,4578
urn:cts:greekLit:tlg0010.tlg019,17628
urn:cts:greekLit:tlg0010.tlg020,8771
urn:cts:greekLit:tlg0010.tlg021,15860
urn:cts:greekLit:tlg0010.tlg022,587
urn:cts:greekLit:tlg0010.tlg023,891
urn:cts:greekLit:tlg0010.tlg024,1143
urn:cts:greekLit:tlg0010.tlg025,667
urn:cts:greekLit:tlg0010.tlg026,780
urn:cts:greekLit:tlg0010.tlg027,1279
urn:cts:greekLit:tlg0010.tlg028,281
urn:cts:greekLit:tlg0010.tlg029,823
urn:cts:greekLit:tlg0010.tlg030,421
urn:cts:greekLit:tlg0011.tlg001,7294
urn:cts:greekLit:tlg0011.tlg002,7360
urn:cts:greekLit:tlg0011.tlg003,7718
urn:cts:greekLit:tlg0011.tlg004,9292
urn:cts:greekLit:tlg0011.tlg005,8704
urn:cts:greekLit:tlg0011.tlg006,8830
urn:cts:greekLit:tlg0011.tlg007,10400
urn:cts:greekLit:tlg0011.tlg008,1993
urn:cts:greekLit:tlg0012.tlg001,111895
urn:cts:greekLit:tlg0012.tlg002,87177
urn:cts:greekLit:tlg0012.tlg003,732
urn:cts:greekLit:tlg0013.tlg001,144
urn:cts:greekLit:tlg0013.tlg002,3373
urn:cts:greekLit:tlg0013.tlg003,3833
urn:cts:greekLit:tlg0013.tlg004,4031
urn:cts:greekLit:tlg0013.tlg005,2047
urn:cts:greekLit:tlg0013.tlg006,131
urn:cts:greekLit:tlg0013.tlg007,425
urn:cts:greekLit:tlg0013.tlg008,100
urn:cts:greekLit:tlg0013.tlg009,57
urn:cts:greekLit:tlg0013.tlg010,39
urn:cts:greekLit:tlg0013.tlg011,35
urn:cts:greekLit:tlg0013.tlg012,28
urn:cts:greekLit:tlg0013.tlg013,20
urn:cts:greekLit:tlg0013.tlg014,46
urn:cts:greekLit:tlg0013.tlg015,61
urn:cts:greekLit:tlg0013.tlg016,33
urn:cts:greekLit:tlg0013.tlg017,27
urn:cts:greekLit:tlg0013.tlg018,75
urn:cts:greekLit:tlg0013.tlg019,336
urn:cts:greekLit:tlg0013.tlg020,51
urn:cts:greekLit:tlg0013.tlg021,38
urn:cts:greekLit:tlg0013.tlg022,42
urn:cts:greekLit:tlg0013.tlg023,22
urn:cts:greekLit:tlg0013.tlg024,33
urn:cts:greekLit:tlg0013.tlg025,51
urn:cts:greekLit:tlg0013.tlg026,89
urn:cts:greekLit:tlg0013.tlg027,132
urn:cts:greekLit:tlg0013.tlg028,111
urn:cts:greekLit:tlg0013.tlg029,96
urn:cts:greekLit:tlg0013.tlg030,133
urn:cts:greekLit:tlg0013.tlg031,131
urn:cts:greekLit:tlg0013.tlg032,123
urn:cts:greekLit:tlg0013.tlg033,116
urn:cts:greekLit:tlg0014.tlg001,1835
urn:cts:greekLit:tlg0014.tlg002,2045
urn:cts:greekLit:tlg0014.tlg003,2357
urn:cts:greekLit:tlg0014.tlg004,3285
urn:cts:greekLit:tlg0014.tlg005,1457
urn:cts:greekLit:tlg0014.tlg006,1996
urn:cts:greekLit:tlg0014.tlg007,2439
urn:cts:greekLit:tlg0014.tlg008,4233
urn:cts:greekLit:tlg0014.tlg009,4308
urn:cts:greekLit:tlg0014.tlg010,4447
urn:cts:greekLit:tlg0014.tlg011,1290
urn:cts:greekLit:tlg0014.tlg012,1414
urn:cts:greekLit:tlg0014.tlg013,2319
urn:cts:greekLit:tlg0014.tlg014,2592
urn:cts:greekLit:tlg0014.tlg015,2210
urn:cts:greekLit:tlg0014.tlg016,1856
urn:cts:greekLit:tlg0014.tlg017,1790
urn:cts:greekLit:tlg0014.tlg018,22431
urn:cts:greekLit:tlg0014.tlg019,23064
urn:cts:greekLit:tlg0014.tlg020,11367
urn:cts:greekLit:tlg0014.tlg021,15748
urn:cts:greekLit:tlg0014.tlg022,5634
urn:cts:greekLit:tlg0014.tlg023,15419
urn:cts:greekLit:tlg0014.tlg024,14667
urn:cts:greekLit:tlg0014.tlg025,6722
urn:cts:greekLit:tlg0014.tlg026,1686
urn:cts:greekLit:tlg0014.tlg027,4575
urn:cts:greekLit:tlg0014.tlg028,1516
urn:cts:greekLit:tlg0014.tlg029,3908
urn:cts:greekLit:tlg0014.tlg030,2360
urn:cts:greekLit:tlg0014.tlg031,951
urn:cts:greekLit:tlg0014.tlg032,1913
urn:cts:greekLit:tlg0014.tlg033,2553
urn:cts:greekLit:tlg0014.tlg034,3269
urn:cts:greekLit:tlg0014.tlg035,3653
urn:cts:greekLit:tlg0014.tlg036,3972
urn:cts:greekLit:tlg0014.tlg037,3787
urn:cts:greekLit:tlg0014.tlg038,1852
urn:cts:greekLit:tlg0014.tlg039,2747
urn:cts:greekLit:tlg0014.tlg040,3914
urn:cts:greekLit:tlg0014.tlg041,1967
urn:cts:greekLit:tlg0014.tlg042,2242
urn:cts:greekLit:tlg0014.tlg043,6301
urn:cts:greekLit:tlg0014.tlg044,4217
urn:cts:greekLit:tlg0014.tlg045,5707
urn:cts:greekLit:tlg0014.tlg046,1857
urn:cts:greekLit:tlg0014.tlg047,5397
urn:cts:greekLit:tlg0014.tlg048,3524
urn:cts:greekLit:tlg0014.tlg049,4365
urn:cts:greekLit:tlg0014.tlg050,4618
urn:cts:greekLit:tlg0014.tlg051,1345
urn:cts:greekLit:tlg0014.tlg052,2122
urn:cts:greekLit:tlg0014.tlg053,2015
urn:cts:greekLit:tlg0014.tlg054,3190
urn:cts:greekLit:tlg0014.tlg055,2119
urn:cts:greekLit:tlg0014.tlg056,3309
urn:cts:greekLit:tlg0014.tlg057,4625
urn:cts:greekLit:tlg0014.tlg058,4698
urn:cts:greekLit:tlg0014.tlg059,9231
urn:cts:greekLit:tlg0014.tlg060,2545
urn:cts:greekLit:tlg0014.tlg061,3661
urn:cts:greekLit:tlg0014.tlg062,9509
urn:cts:greekLit:tlg0014.tlg063,6071
urn:cts:greekLit:tlg0015.tlg001,46751
urn:cts:greekLit:tlg0016.tlg001,184820
urn:cts:greekLit:tlg0017.tlg001,2716
urn:cts:greekLit:tlg0017.tlg002,2759
urn:cts:greekLit:tlg0017.tlg003,4447
urn:cts:greekLit:tlg0017.tlg004,1804
urn:cts:greekLit:tlg0017.tlg005,3084
urn:cts:greekLit:tlg0017.tlg006,3649
urn:cts:greekLit:tlg0017.tlg007,2802
urn:cts:greekLit:tlg0017.tlg008,3191
urn:cts:greekLit:tlg0017.tlg009,2264
urn:cts:greekLit:tlg0017.tlg010,2037
urn:cts:greekLit:tlg0017.tlg011,3605
urn:cts:greekLit:tlg0017.tlg012,951
urn:cts:greekLit:tlg0018.tlg001,13347
urn:cts:greekLit:tlg0018.tlg002,32415
urn:cts:greekLit:tlg0018.tlg003,7688
urn:cts:greekLit:tlg0018.tlg004,9667
urn:cts:greekLit:tlg0018.tlg005,11464
urn:cts:greekLit:tlg0018.tlg006,11235
urn:cts:greekLit:tlg0018.tlg007,3299
urn:cts:greekLit:tlg0018.tlg008,9077
urn:cts:greekLit:tlg0018.tlg009,9053
urn:cts:greekLit:tlg0018.tlg010,8959
urn:cts:greekLit:tlg0018.tlg011,11627
urn:cts:greekLit:tlg0018.tlg012,3641
urn:cts:greekLit:tlg0018.tlg013,10471
urn:cts:greekLit:tlg0018.tlg014,12882
urn:cts:greekLit:tlg0018.tlg015,16093
urn:cts:greekLit:tlg0018.tlg016,9020
urn:cts:greekLit:tlg0018.tlg017,11168
urn:cts:greekLit:tlg0018.tlg018,13393
urn:cts:greekLit:tlg0018.tlg019,26509
urn:cts:greekLit:tlg0018.tlg020,13399
urn:cts:greekLit:tlg0018.tlg021,12859
urn:cts:greekLit:tlg0018.tlg022,31488
urn:cts:greekLit:tlg0018.tlg023,8471
urn:cts:greekLit:tlg0018.tlg024,56956
urn:cts:greekLit:tlg0018.tlg025,12212
urn:cts:greekLit:tlg0018.tlg026,9124
urn:cts:greekLit:tlg0018.tlg027,7608
urn:cts:greekLit:tlg0018.tlg028,4635
urn:cts:greekLit:tlg0018.tlg029,9202
urn:cts:greekLit:tlg0018.tlg030,8982
urn:cts:greekLit:tlg0018.tlg031,17577
urn:cts:greekLit:tlg0019.tlg001,7218
urn:cts:greekLit:tlg0019.tlg002,8931
urn:cts:greekLit:tlg0019.tlg003,9670
urn:cts:greekLit:tlg0019.tlg004,9848
urn:cts:greekLit:tlg0019.tlg005,8046
urn:cts:greekLit:tlg0019.tlg006,10775
urn:cts:greekLit:tlg0019.tlg007,8110
urn:cts:greekLit:tlg0019.tlg008,7274
urn:cts:greekLit:tlg0019.tlg009,9196
urn:cts:greekLit:tlg0019.tlg010,7683
urn:cts:greekLit:tlg0019.tlg011,8133
urn:cts:greekLit:tlg0020.tlg001,7039
urn:cts:greekLit:tlg0020.tlg002,5856
urn:cts:greekLit:tlg0020.tlg003,2832
urn:cts:greekLit:tlg0022.tlg001,6378
urn:cts:greekLit:tlg0022.tlg002,4137
urn:cts:greekLit:tlg0023.tlg001,22753
urn:cts:greekLit:tlg0024.tlg001,13482
urn:cts:greekLit:tlg0026.tlg001,13542
urn:cts:greekLit:tlg0026.tlg002,12325
urn:cts:greekLit:tlg0026.tlg003,18454
urn:cts:greekLit:tlg0026.tlg004,4273
urn:cts:greekLit:tlg0027.tlg001,10057
urn:cts:greekLit:tlg0027.tlg002,1955
urn:cts:greekLit:tlg0027.tlg003,2678
urn:cts:greekLit:tlg0027.tlg004,2753
urn:cts:greekLit:tlg0028.tlg001,1756
urn:cts:greekLit:tlg0028.tlg002,2497
urn:cts:greekLit:tlg0028.tlg003,2148
urn:cts:greekLit:tlg0028.tlg004,1919
urn:cts:greekLit:tlg0028.tlg005,6346
urn:cts:greekLit:tlg0028.tlg006,3399
urn:cts:greekLit:tlg0029.tlg004,7510
urn:cts:greekLit:tlg0029.tlg005,1790
urn:cts:greekLit:tlg0029.tlg006,1376
urn:cts:greekLit:tlg0030.tlg001,1391
urn:cts:greekLit:tlg0030.tlg002,917
urn:cts:greekLit:tlg0030.tlg003,2354
urn:cts:greekLit:tlg0030.tlg004,2664
urn:cts:greekLit:tlg0030.tlg005,2128
urn:cts:greekLit:tlg0030.tlg006,2071
urn:cts:greekLit:tlg0031.tlg001,18248
urn:cts:greekLit:tlg0031.tlg002,11264
urn:cts:greekLit:tlg0031.tlg003,19443
urn:cts:greekLit:tlg0031.tlg004,15584
urn:cts:greekLit:tlg0031.tlg005,18371
urn:cts:greekLit:tlg0031.tlg006,7085
urn:cts:greekLit:tlg0031.tlg007,6813
urn:cts:greekLit:tlg0031.tlg008,4466
urn:cts:greekLit:tlg0031.tlg009,2232
urn:cts:greekLit:tlg0031.tlg010,2419
urn:cts:greekLit:tlg0031.tlg011,1632
urn:cts:greekLit:tlg0031.tlg012,1581
urn:cts:greekLit:tlg0031.tlg013,1475
urn:cts:greekLit:tlg0031.tlg014,822
urn:cts:greekLit:tlg0031.tlg015,1593
urn:cts:greekLit:tlg0031.tlg016,1245
urn:cts:greekLit:tlg0031.tlg017,659
urn:cts:greekLit:tlg0031.tlg018,334
urn:cts:greekLit:tlg0031.tlg019,4933
urn:cts:greekLit:tlg0031.tlg020,1734
urn:cts:greekLit:tlg0031.tlg021,1662
urn:cts:greekLit:tlg0031.tlg022,1095
urn:cts:greekLit:tlg0031.tlg023,2135
urn:cts:greekLit:tlg0031.tlg024,245
urn:cts:greekLit:tlg0031.tlg025,219
urn:cts:greekLit:tlg0031.tlg026,456
urn:cts:greekLit:tlg0031.tlg027,9850
urn:cts:greekLit:tlg0032.tlg001,66509
urn:cts:greekLit:tlg0032.tlg002,35813
urn:cts:greekLit:tlg0032.tlg003,17820
urn:cts:greekLit:tlg0032.tlg004,9532
urn:cts:greekLit:tlg0032.tlg005,2000
urn:cts:greekLit:tlg0032.tlg006,57169
urn:cts:greekLit:tlg0032.tlg007,79287
urn:cts:greekLit:tlg0032.tlg008,5969
urn:cts:greekLit:tlg0032.tlg009,7385
urn:cts:greekLit:tlg0032.tlg010,4925
urn:cts:greekLit:tlg0032.tlg011,3853
urn:cts:greekLit:tlg0032.tlg012,5779
urn:cts:greekLit:tlg0032.tlg013,6983
urn:cts:greekLit:tlg0032.tlg014,9142
urn:cts:greekLit:tlg0033.tlg001,5875
urn:cts:greekLit:tlg0033.tlg002,7427
urn:cts:greekLit:tlg0033.tlg003,4944
urn:cts:greekLit:tlg0033.tlg004,2899
urn:cts:greekLit:tlg0034.tlg001,10919
urn:cts:greekLit:tlg0035.tlg001,240
urn:cts:greekLit:tlg0035.tlg002,1132
urn:cts:greekLit:tlg0035.tlg003,898
urn:cts:greekLit:tlg0035.tlg004,888
urn:cts:greekLit:tlg0035.tlg005,261
urn:cts:greekLit:tlg0036.tlg001,717
urn:cts:greekLit:tlg0036.tlg002,226
urn:cts:greekLit:tlg0036.tlg003,721
urn:cts:greekLit:tlg0037.tlg001,1338
urn:cts:greekLit:tlg0039.tlg001,330
urn:cts:greekLit:tlg0041.tlg001,4772
urn:cts:greekLit:tlg0044.tlg001,478
urn:cts:greekLit:tlg0045.tlg001,627
urn:cts:greekLit:tlg0046.tlg001,735
urn:cts:greekLit:tlg0048.tlg001,2308
urn:cts:greekLit:tlg0053.tlg001,17664
urn:cts:greekLit:tlg0055.tlg001,8557
urn:cts:greekLit:tlg0057.tlg001,5079
urn:cts:greekLit:tlg0057.tlg002,1831
urn:cts:greekLit:tlg0057.tlg003,1387
urn:cts:greekLit:tlg0057.tlg004,6232
urn:cts:greekLit:tlg0057.tlg006,11963
urn:cts:greekLit:tlg0057.tlg007,16152
urn:cts:greekLit:tlg0057.tlg008,13421
urn:cts:greekLit:tlg0057.tlg009,27734
urn:cts:greekLit:tlg0057.tlg010,31802
urn:cts:greekLit:tlg0057.tlg011,78442
urn:cts:greekLit:tlg0057.tlg012,6936
urn:cts:greekLit:tlg0057.tlg013,7548
urn:cts:greekLit:tlg0057.tlg014,3605
urn:cts:greekLit:tlg0057.tlg015,4202
urn:cts:greekLit:tlg0057.tlg016,3264
urn:cts:greekLit:tlg0057.tlg017,194465
urn:cts:greekLit:tlg0057.tlg018,14727
urn:cts:greekLit:tlg0057.tlg019,6493
urn:cts:greekLit:tlg0057.tlg020,6056
urn:cts:greekLit:tlg0057.tlg021,20816
urn:cts:greekLit:tlg0057.tlg022,7721
urn:cts:greekLit:tlg0057.tlg023,4718
urn:cts:greekLit:tlg0057.tlg024,1767
urn:cts:greekLit:tlg0057.tlg025,820
urn:cts:greekLit:tlg0057.tlg027,8376
urn:cts:greekLit:tlg0057.tlg028,8203
urn:cts:greekLit:tlg0057.tlg029,6332
urn:cts:greekLit:tlg0057.tlg030,6264
urn:cts:greekLit:tlg0057.tlg031,4472
urn:cts:greekLit:tlg0057.tlg032,94604
urn:cts:greekLit:tlg0057.tlg033,14023
urn:cts:greekLit:tlg0057.tlg034,1710
urn:cts:greekLit:tlg0057.tlg035,606
urn:cts:greekLit:tlg0057.tlg036,66888
urn:cts:greekLit:tlg0057.tlg037,44605
urn:cts:greekLit:tlg0057.tlg038,10198
urn:cts:greekLit:tlg0057.tlg039,2213
urn:cts:greekLit:tlg0057.tlg040,502
urn:cts:greekLit:tlg0057.tlg041,6651
urn:cts:greekLit:tlg0057.tlg042,6091
urn:cts:greekLit:tlg0057.tlg043,6628
urn:cts:greekLit:tlg0057.tlg044,29450
urn:cts:greekLit:tlg0057.tlg045,20925
urn:cts:greekLit:tlg0057.tlg046,5299
urn:cts:greekLit:tlg0057.tlg047,3541
urn:cts:greekLit:tlg0057.tlg048,1580
urn:cts:greekLit:tlg0057.tlg049,5510
urn:cts:greekLit:tlg0057.tlg050,11088
urn:cts:greekLit:tlg0057.tlg051,9124
urn:cts:greekLit:tlg0057.tlg052,3254
urn:cts:greekLit:tlg0057.tlg053,5808
urn:cts:greekLit:tlg0057.tlg054,4224
urn:cts:greekLit:tlg0057.tlg055,3160
urn:cts:greekLit:tlg0057.tlg056,31877
urn:cts:greekLit:tlg0057.tlg057,11755
urn:cts:greekLit:tlg0057.tlg058,5983
urn:cts:greekLit:tlg0057.tlg059,42557
urn:cts:greekLit:tlg0057.tlg060,31237
urn:cts:greekLit:tlg0057.tlg061,32121
urn:cts:greekLit:tlg0057.tlg062,36354
urn:cts:greekLit:tlg0057.tlg063,15627
urn:cts:greekLit:tlg0057.tlg064,33894
urn:cts:greekLit:tlg0057.tlg065,27285
urn:cts:greekLit:tlg0057.tlg066,157677
urn:cts:greekLit:tlg0057.tlg067,22914
urn:cts:greekLit:tlg0057.tlg068,5977
urn:cts:greekLit:tlg0057.tlg069,9052
urn:cts:greekLit:tlg0057.tlg070,10067
urn:cts:greekLit:tlg0057.tlg071,703
urn:cts:greekLit:tlg0057.tlg072,2975
urn:cts:greekLit:tlg0057.tlg073,1985
urn:cts:greekLit:tlg0057.tlg074,3221
urn:cts:greekLit:tlg0057.tlg075,66975
urn:cts:greekLit:tlg0057.tlg076,143801
urn:cts:greekLit:tlg0057.tlg077,104024
urn:cts:greekLit:tlg0057.tlg078,27064
urn:cts:greekLit:tlg0057.tlg079,13028
urn:cts:greekLit:tlg0057.tlg081,8484
urn:cts:greekLit:tlg0057.tlg082,2528
urn:cts:greekLit:tlg0057.tlg083,11033
urn:cts:greekLit:tlg0057.tlg084,1370
urn:cts:greekLit:tlg0057.tlg085,24312
urn:cts:greekLit:tlg0057.tlg086,6595
urn:cts:greekLit:tlg0057.tlg087,66768
urn:cts:greekLit:tlg0057.tlg089,155962
urn:cts:greekLit:tlg0057.tlg092,95648
urn:cts:greekLit:tlg0057.tlg093,7444
urn:cts:greekLit:tlg0057.tlg094,7612
urn:cts:greekLit:tlg0057.tlg095,51359
urn:cts:greekLit:tlg0057.tlg096,9775
urn:cts:greekLit:tlg0057.tlg099,42724
urn:cts:greekLit:tlg0057.tlg100,41490
urn:cts:greekLit:tlg0057.tlg101,40987
urn:cts:greekLit:tlg0057.tlg102,14742
urn:cts:greekLit:tlg0057.tlg103,4013
urn:cts:greekLit:tlg0057.tlg107,1006
urn:cts:greekLit:tlg0057.tlg114,674
urn:cts:greekLit:tlg0058.tlg001,13998
urn:cts:greekLit:tlg0059.tlg001,5394
urn:cts:greekLit:tlg0059.tlg002,8659
urn:cts:greekLit:tlg0059.tlg003,4261
urn:cts:greekLit:tlg0059.tlg004,22484
urn:cts:greekLit:tlg0059.tlg005,18977
urn:cts:greekLit:tlg0059.tlg006,23526
urn:cts:greekLit:tlg0059.tlg007,17203
urn:cts:greekLit:tlg0059.tlg008,18311
urn:cts:greekLit:tlg0059.tlg009,14172
urn:cts:greekLit:tlg0059.tlg010,18837
urn:cts:greekLit:tlg0059.tlg011,17307
urn:cts:greekLit:tlg0059.tlg012,16970
urn:cts:greekLit:tlg0059.tlg013,11171
urn:cts:greekLit:tlg0059.tlg014,4373
urn:cts:greekLit:tlg0059.tlg015,2395
urn:cts:greekLit:tlg0059.tlg016,2387
urn:cts:greekLit:tlg0059.tlg017,3583
urn:cts:greekLit:tlg0059.tlg018,8304
urn:cts:greekLit:tlg0059.tlg019,7930
urn:cts:greekLit:tlg0059.tlg020,6655
urn:cts:greekLit:tlg0059.tlg021,12189
urn:cts:greekLit:tlg0059.tlg022,17229
urn:cts:greekLit:tlg0059.tlg023,27303
urn:cts:greekLit:tlg0059.tlg024,10241
urn:cts:greekLit:tlg0059.tlg025,8763
urn:cts:greekLit:tlg0059.tlg026,4395
urn:cts:greekLit:tlg0059.tlg027,4015
urn:cts:greekLit:tlg0059.tlg028,4846
urn:cts:greekLit:tlg0059.tlg029,1552
urn:cts:greekLit:tlg0059.tlg030,88233
urn:cts:greekLit:tlg0059.tlg031,23747
urn:cts:greekLit:tlg0059.tlg032,4958
urn:cts:greekLit:tlg0059.tlg033,3019
urn:cts:greekLit:tlg0059.tlg034,104671
urn:cts:greekLit:tlg0059.tlg035,6328
urn:cts:greekLit:tlg0059.tlg036,16865
urn:cts:greekLit:tlg0059.tlg037,1727
urn:cts:greekLit:tlg0060.tlg001,182959
urn:cts:greekLit:tlg0061.tlg001,9674
urn:cts:greekLit:tlg0061.tlg002,7606
urn:cts:greekLit:tlg0061.tlg003,5131
urn:cts:greekLit:tlg0061.tlg004,914
urn:cts:greekLit:tlg0061.tlg005,1177
urn:cts:greekLit:tlg0061.tlg006,2394
urn:cts:greekLit:tlg0061.tlg007,3260
urn:cts:greekLit:tlg0061.tlg008,3441
urn:cts:greekLit:tlg0062.tlg001,2892
urn:cts:greekLit:tlg0062.tlg002,969
urn:cts:greekLit:tlg0062.tlg003,1031
urn:cts:greekLit:tlg0062.tlg004,762
urn:cts:greekLit:tlg0062.tlg005,607
urn:cts:greekLit:tlg0062.tlg006,1185
urn:cts:greekLit:tlg0062.tlg007,4045
urn:cts:greekLit:tlg0062.tlg008,3114
urn:cts:greekLit:tlg0062.tlg009,3141
urn:cts:greekLit:tlg0062.tlg010,958
urn:cts:greekLit:tlg0062.tlg011,2120
urn:cts:greekLit:tlg0062.tlg012,11230
urn:cts:greekLit:tlg0062.tlg013,3177
urn:cts:greekLit:tlg0062.tlg014,1151
urn:cts:greekLit:tlg0062.tlg015,4738
urn:cts:greekLit:tlg0062.tlg016,4035
urn:cts:greekLit:tlg0062.tlg017,2330
urn:cts:greekLit:tlg0062.tlg018,6703
urn:cts:greekLit:tlg0062.tlg019,5714
urn:cts:greekLit:tlg0062.tlg020,2384
urn:cts:greekLit:tlg0062.tlg021,5262
urn:cts:greekLit:tlg0062.tlg022,6021
urn:cts:greekLit:tlg0062.tlg023,4233
urn:cts:greekLit:tlg0062.tlg024,3407
urn:cts:greekLit:tlg0062.tlg025,6428
urn:cts:greekLit:tlg0062.tlg026,5760
urn:cts:greekLit:tlg0062.tlg027,1796
urn:cts:greekLit:tlg0062.tlg028,3817
urn:cts:greekLit:tlg0062.tlg029,1806
urn:cts:greekLit:tlg0062.tlg030,6548
urn:cts:greekLit:tlg0062.tlg031,6306
urn:cts:greekLit:tlg0062.tlg032,2059
urn:cts:greekLit:tlg0062.tlg033,7115
urn:cts:greekLit:tlg0062.tlg034,6435
urn:cts:greekLit:tlg0062.tlg035,3335
urn:cts:greekLit:tlg0062.tlg036,1778
urn:cts:greekLit:tlg0062.tlg037,3545
urn:cts:greekLit:tlg0062.tlg038,6972
urn:cts:greekLit:tlg0062.tlg039,3261
urn:cts:greekLit:tlg0062.tlg040,3529
urn:cts:greekLit:tlg0062.tlg041,6246
urn:cts:greekLit:tlg0062.tlg042,4232
urn:cts:greekLit:tlg0062.tlg043,3208
urn:cts:greekLit:tlg0062.tlg044,9760
urn:cts:greekLit:tlg0062.tlg045,6994
urn:cts:greekLit:tlg0062.tlg046,2873
urn:cts:greekLit:tlg0062.tlg047,1341
urn:cts:greekLit:tlg0062.tlg048,1962
urn:cts:greekLit:tlg0062.tlg049,3924
urn:cts:greekLit:tlg0062.tlg050,1855
urn:cts:greekLit:tlg0062.tlg051,2892
urn:cts:greekLit:tlg0062.tlg052,4816
urn:cts:greekLit:tlg0062.tlg053,7491
urn:cts:greekLit:tlg0062.tlg054,923
urn:cts:greekLit:tlg0062.tlg055,5181
urn:cts:greekLit:tlg0062.tlg056,918
urn:cts:greekLit:tlg0062.tlg057,1500
urn:cts:greekLit:tlg0062.tlg058,1588
urn:cts:greekLit:tlg0062.tlg059,2055
urn:cts:greekLit:tlg0062.tlg060,978
urn:cts:greekLit:tlg0062.tlg061,920
urn:cts:greekLit:tlg0062.tlg062,1829
urn:cts:greekLit:tlg0062.tlg063,14010
urn:cts:greekLit:tlg0062.tlg064,1009
urn:cts:greekLit:tlg0062.tlg065,5350
urn:cts:greekLit:tlg0062.tlg066,11064
urn:cts:greekLit:tlg0062.tlg067,3922
urn:cts:greekLit:tlg0062.tlg068,7503
urn:cts:greekLit:tlg0062.tlg069,7822
urn:cts:greekLit:tlg0062.tlg070,1830
urn:cts:greekLit:tlg0062.tlg071,1761
urn:cts:greekLit:tlg0064.tlg001,644
urn:cts:greekLit:tlg0065.tlg001,176
urn:cts:greekLit:tlg0066.tlg001,2734
urn:cts:greekLit:tlg0067.tlg001,19843
urn:cts:greekLit:tlg0068.tlg001,5593
urn:cts:greekLit:tlg0069.tlg001,908
urn:cts:greekLit:tlg0070.tlg001,1185
urn:cts:greekLit:tlg0071.tlg001,6292
urn:cts:greekLit:tlg0074.tlg001,78508
urn:cts:greekLit:tlg0074.tlg002,13788
urn:cts:greekLit:tlg0074.tlg003,5985
urn:cts:greekLit:tlg0074.tlg004,4354
urn:cts:greekLit:tlg0074.tlg005,9006
urn:cts:greekLit:tlg0074.tlg006,1265
urn:cts:greekLit:tlg0074.tlg008,196
urn:cts:greekLit:tlg0075.tlg001,5608
urn:cts:greekLit:tlg0077.tlg001,6065
urn:cts:greekLit:tlg0081.tlg001,284581
urn:cts:greekLit:tlg0081.tlg002,878
urn:cts:greekLit:tlg0081.tlg003,7766
urn:cts:greekLit:tlg0081.tlg004,6404
urn:cts:greekLit:tlg0081.tlg005,5340
urn:cts:greekLit:tlg0081.tlg006,22093
urn:cts:greekLit:tlg0081.tlg007,226
urn:cts:greekLit:tlg0081.tlg008,3417
urn:cts:greekLit:tlg0081.tlg009,4208
urn:cts:greekLit:tlg0081.tlg010,16869
urn:cts:greekLit:tlg0081.tlg011,2612
urn:cts:greekLit:tlg0081.tlg012,20892
urn:cts:greekLit:tlg0081.tlg013,9661
urn:cts:greekLit:tlg0081.tlg014,2081
urn:cts:greekLit:tlg0081.tlg015,4327
urn:cts:greekLit:tlg0081.tlg016,23023
urn:cts:greekLit:tlg0082.tlg001,27551
urn:cts:greekLit:tlg0082.tlg002,26054
urn:cts:greekLit:tlg0082.tlg003,12912
urn:cts:greekLit:tlg0082.tlg004,60884
urn:cts:greekLit:tlg0083.tlg003,209
urn:cts:greekLit:tlg0084.tlg001,7623
urn:cts:greekLit:tlg0085.tlg001,4977
urn:cts:greekLit:tlg0085.tlg002,5221
urn:cts:greekLit:tlg0085.tlg003,5943
urn:cts:greekLit:tlg0085.tlg004,5157
urn:cts:greekLit:tlg0085.tlg005,8254
urn:cts:greekLit:tlg0085.tlg006,5463
urn:cts:greekLit:tlg0085.tlg007,5320
urn:cts:greekLit:tlg0086.tlg001,59634
urn:cts:greekLit:tlg0086.tlg002,20905
urn:cts:greekLit:tlg0086.tlg003,16556
urn:cts:greekLit:tlg0086.tlg004,3492
urn:cts:greekLit:tlg0086.tlg005,29793
urn:cts:greekLit:tlg0086.tlg006,10316
urn:cts:greekLit:tlg0086.tlg007,5005
urn:cts:greekLit:tlg0086.tlg008,1205
urn:cts:greekLit:tlg0086.tlg009,26246
urn:cts:greekLit:tlg0086.tlg010,56547
urn:cts:greekLit:tlg0086.tlg011,795
urn:cts:greekLit:tlg0086.tlg012,50159
urn:cts:greekLit:tlg0086.tlg013,16542
urn:cts:greekLit:tlg0086.tlg014,94034
urn:cts:greekLit:tlg0086.tlg015,6390
urn:cts:greekLit:tlg0086.tlg016,2436
urn:cts:greekLit:tlg0086.tlg017,6272
urn:cts:greekLit:tlg0086.tlg018,1852
urn:cts:greekLit:tlg0086.tlg019,2959
urn:cts:greekLit:tlg0086.tlg020,1792
urn:cts:greekLit:tlg0086.tlg021,4127
urn:cts:greekLit:tlg0086.tlg022,23555
urn:cts:greekLit:tlg0086.tlg023,8319
urn:cts:greekLit:tlg0086.tlg024,2518
urn:cts:greekLit:tlg0086.tlg025,78687
urn:cts:greekLit:tlg0086.tlg026,33711
urn:cts:greekLit:tlg0086.tlg027,9181
urn:cts:greekLit:tlg0086.tlg029,6231
urn:cts:greekLit:tlg0086.tlg030,35029
urn:cts:greekLit:tlg0086.tlg031,55460
urn:cts:greekLit:tlg0086.tlg032,5757
urn:cts:greekLit:tlg0086.tlg034,10307
urn:cts:greekLit:tlg0086.tlg035,65506
urn:cts:greekLit:tlg0086.tlg036,73912
urn:cts:greekLit:tlg0086.tlg037,6086
urn:cts:greekLit:tlg0086.tlg038,43143
urn:cts:greekLit:tlg0086.tlg039,12096
urn:cts:greekLit:tlg0086.tlg040,14114
urn:cts:greekLit:tlg0086.tlg041,7859
urn:cts:greekLit:tlg0086.tlg042,2992
urn:cts:greekLit:tlg0086.tlg043,3478
urn:cts:greekLit:tlg0086.tlg044,44117
urn:cts:greekLit:tlg0086.tlg045,1497
urn:cts:greekLit:tlg0086.tlg046,432
urn:cts:greekLit:tlg0086.tlg047,4886
urn:cts:greekLit:tlg0086.tlg048,9725
urn:cts:greekLit:tlg0086.tlg052,2465
urn:cts:greekLit:tlg0086.tlg054,2383
urn:cts:greekLit:tlg0087.tlg001,141582
urn:cts:greekLit:tlg0087.tlg002,2865
urn:cts:greekLit:tlg0087.tlg004,3955
urn:cts:greekLit:tlg0087.tlg005,73
urn:cts:greekLit:tlg0087.tlg006,149
urn:cts:greekLit:tlg0087.tlg007,39057
urn:cts:greekLit:tlg0087.tlg008,9512
urn:cts:greekLit:tlg0087.tlg009,56077
urn:cts:greekLit:tlg0087.tlg009a,269
urn:cts:greekLit:tlg0087.tlg010,6037
urn:cts:greekLit:tlg0087.tlg011,53608
urn:cts:greekLit:tlg0087.tlg012,7984
urn:cts:greekLit:tlg0087.tlg013,52812
urn:cts:greekLit:tlg0087.tlg014,53
urn:cts:greekLit:tlg0087.tlg015,83
urn:cts:greekLit:tlg0087.tlg016,97
urn:cts:greekLit:tlg0087.tlg017,76
urn:cts:greekLit:tlg0087.tlg018,1499
urn:cts:greekLit:tlg0087.tlg019,148
urn:cts:greekLit:tlg0087.tlg020,102
urn:cts:greekLit:tlg0087.tlg021,14895
urn:cts:greekLit:tlg0087.tlg022,9437
urn:cts:greekLit:tlg0087.tlg023,482
urn:cts:greekLit:tlg0087.tlg024,54
urn:cts:greekLit:tlg0087.tlg025,638
urn:cts:greekLit:tlg0087.tlg026,15050
urn:cts:greekLit:tlg0087.tlg027,1849
urn:cts:greekLit:tlg0087.tlg028,237
urn:cts:greekLit:tlg0087.tlg029,59
urn:cts:greekLit:tlg0087.tlg030,509
urn:cts:greekLit:tlg0087.tlg031,44
urn:cts:greekLit:tlg0087.tlg032,44
urn:cts:greekLit:tlg0087.tlg033,10951
urn:cts:greekLit:tlg0088.tlg001,14633
urn:cts:greekLit:tlg0090.tlg001,1943
urn:cts:greekLit:tlg0092.tlg001,4428
urn:cts:greekLit:tlg0093.ogl001,5388
urn:cts:greekLit:tlg0093.ogl002,3731
urn:cts:greekLit:tlg0093.tlg001,72560
urn:cts:greekLit:tlg0093.tlg002,69687
urn:cts:greekLit:tlg0093.tlg003,9048
urn:cts:greekLit:tlg0093.tlg004,4290
urn:cts:greekLit:tlg0093.tlg005,6089
urn:cts:greekLit:tlg0093.tlg006,3372
urn:cts:greekLit:tlg0093.tlg009,6654
urn:cts:greekLit:tlg0093.tlg010x01,5578
urn:cts:greekLit:tlg0093.tlg010x02,5605
urn:cts:greekLit:tlg0093.tlg010x03,3722
urn:cts:greekLit:tlg0093.tlg010x04,1434
urn:cts:greekLit:tlg0093.tlg010x05,927
urn:cts:greekLit:tlg0093.tlg010x06,2417
urn:cts:greekLit:tlg0093.tlg010x07,295
urn:cts:greekLit:tlg0093.tlg010x08,97
urn:cts:greekLit:tlg0093.tlg010x09,15101
urn:cts:greekLit:tlg0094.tlg001,6629
urn:cts:greekLit:tlg0094.tlg002,7902
urn:cts:greekLit:tlg0094.tlg003,15976
urn:cts:greekLit:tlg0096.tlg002,43721
urn:cts:greekLit:tlg0097.tlg001,11267
urn:cts:greekLit:tlg0098.tlg001,20325
urn:cts:greekLit:tlg0099.tlg001,284840
urn:cts:greekLit:tlg0099.tlg004,37184
urn:cts:greekLit:tlg0199.tlg001,3805
urn:cts:greekLit:tlg0199.tlg002,1340
urn:cts:greekLit:tlg0233.tlg001,356
urn:cts:greekLit:tlg0284.tlg001,2019
urn:cts:greekLit:tlg0284.tlg002,2247
urn:cts:greekLit:tlg0284.tlg003,3400
urn:cts:greekLit:tlg0284.tlg004,754
urn:cts:greekLit:tlg0284.tlg005,1485
urn:cts:greekLit:tlg0284.tlg006,1204
urn:cts:greekLit:tlg0284.tlg007,1510
urn:cts:greekLit:tlg0284.tlg008,2610
urn:cts:greekLit:tlg0284.tlg009,2855
urn:cts:greekLit:tlg0284.tlg010,2080
urn:cts:greekLit:tlg0284.tlg011,1285
urn:cts:greekLit:tlg0284.tlg012,2736
urn:cts:greekLit:tlg0284.tlg013,28650
urn:cts:greekLit:tlg0284.tlg014,8378
urn:cts:greekLit:tlg0284.tlg015,1855
urn:cts:greekLit:tlg0284.tlg016,3215
urn:cts:greekLit:tlg0284.tlg017,1159
urn:cts:greekLit:tlg0284.tlg018,1261
urn:cts:greekLit:tlg0284.tlg019,1016
urn:cts:greekLit:tlg0284.tlg020,725
urn:cts:greekLit:tlg0284.tlg021,1659
urn:cts:greekLit:tlg0284.tlg022,1107
urn:cts:greekLit:tlg0284.tlg023,5169
urn:cts:greekLit:tlg0284.tlg024,5735
urn:cts:greekLit:tlg0284.tlg025,3472
urn:cts:greekLit:tlg0284.tlg026,7942
urn:cts:greekLit:tlg0284.tlg027,4436
urn:cts:greekLit:tlg0284.tlg028,130
urn:cts:greekLit:tlg0284.tlg029,3785
urn:cts:greekLit:tlg0284.tlg030,4394
urn:cts:greekLit:tlg0284.tlg031,2344
urn:cts:greekLit:tlg0284.tlg032,2004
urn:cts:greekLit:tlg0284.tlg033,5690
urn:cts:greekLit:tlg0284.tlg034,6009
urn:cts:greekLit:tlg0284.tlg035,2594
urn:cts:greekLit:tlg0284.tlg036,2440
urn:cts:greekLit:tlg0284.tlg037,3178
urn:cts:greekLit:tlg0284.tlg038,3954
urn:cts:greekLit:tlg0284.tlg039,4153
urn:cts:greekLit:tlg0284.tlg040,2106
urn:cts:greekLit:tlg0284.tlg041,1182
urn:cts:greekLit:tlg0284.tlg042,6423
urn:cts:greekLit:tlg0284.tlg043,5235
urn:cts:greekLit:tlg0284.tlg044,4322
urn:cts:greekLit:tlg0284.tlg045,30043
urn:cts:greekLit:tlg0284.tlg046,52189
urn:cts:greekLit:tlg0284.tlg047,4283
urn:cts:greekLit:tlg0284.tlg048,10754
urn:cts:greekLit:tlg0284.tlg049,11189
urn:cts:greekLit:tlg0284.tlg050,4073
urn:cts:greekLit:tlg0284.tlg051,2229
urn:cts:greekLit:tlg0284.tlg052,3439
urn:cts:greekLit:tlg0284.tlg053,8960
urn:cts:greekLit:tlg0284.tlg054,10900
urn:cts:greekLit:tlg0284.tlg055,369
urn:cts:greekLit:tlg0284.tlg056,22688
urn:cts:greekLit:tlg0317.tlg001,12548
urn:cts:greekLit:tlg0317.tlg002,2520
urn:cts:greekLit:tlg0319.tlg004,4125
urn:cts:greekLit:tlg0341.tlg002,7465
urn:cts:greekLit:tlg0357.tlg001,1310
urn:cts:greekLit:tlg0358.tlg001,23489
urn:cts:greekLit:tlg0358.tlg002,5108
urn:cts:greekLit:tlg0358.tlg004,2408
urn:cts:greekLit:tlg0358.tlg005,1218
urn:cts:greekLit:tlg0361.tlg001,3710
urn:cts:greekLit:tlg0362.tlg001,1258
urn:cts:greekLit:tlg0363.tlg001,177665
urn:cts:greekLit:tlg0363.tlg007,37785
urn:cts:greekLit:tlg0363.tlg011,1627
urn:cts:greekLit:tlg0385.tlg001,191390
urn:cts:greekLit:tlg0509.tlg001,291
urn:cts:greekLit:tlg0521.tlg008,2572
urn:cts:greekLit:tlg0525.tlg001,217406
urn:cts:greekLit:tlg0526.tlg001,311796
urn:cts:greekLit:tlg0526.tlg002,15781
urn:cts:greekLit:tlg0526.tlg003,22729
urn:cts:greekLit:tlg0526.tlg004,125226
urn:cts:greekLit:tlg0527.tlg001,32366
urn:cts:greekLit:tlg0527.tlg002,24458
urn:cts:greekLit:tlg0527.tlg003,18929
urn:cts:greekLit:tlg0527.tlg004,24742
urn:cts:greekLit:tlg0527.tlg005,22172
urn:cts:greekLit:tlg0527.tlg006,14634
urn:cts:greekLit:tlg0527.tlg008,15605
urn:cts:greekLit:tlg0527.tlg010,2037
urn:cts:greekLit:tlg0527.tlg011,19803
urn:cts:greekLit:tlg0527.tlg012,17707
urn:cts:greekLit:tlg0527.tlg013,20283
urn:cts:greekLit:tlg0527.tlg014,18372
urn:cts:greekLit:tlg0527.tlg015,15923
urn:cts:greekLit:tlg0527.tlg016,21050
urn:cts:greekLit:tlg0527.tlg017,8812
urn:cts:greekLit:tlg0527.tlg018,12676
urn:cts:greekLit:tlg0527.tlg019,5832
urn:cts:greekLit:tlg0527.tlg020,9054
urn:cts:greekLit:tlg0527.tlg021,5404
urn:cts:greekLit:tlg0527.tlg023,18302
urn:cts:greekLit:tlg0527.tlg024,11853
urn:cts:greekLit:tlg0527.tlg025,5062
urn:cts:greekLit:tlg0527.tlg026,7916
urn:cts:greekLit:tlg0527.tlg027,31244
urn:cts:greekLit:tlg0527.tlg028,3572
urn:cts:greekLit:tlg0527.tlg029,10058
urn:cts:greekLit:tlg0527.tlg031,1752
urn:cts:greekLit:tlg0527.tlg032,12282
urn:cts:greekLit:tlg0527.tlg033,6129
urn:cts:greekLit:tlg0527.tlg034,19675
urn:cts:greekLit:tlg0527.tlg035,4563
urn:cts:greekLit:tlg0527.tlg036,3919
urn:cts:greekLit:tlg0527.tlg037,3202
urn:cts:greekLit:tlg0527.tlg038,2346
urn:cts:greekLit:tlg0527.tlg039,1574
urn:cts:greekLit:tlg0527.tlg040,455
urn:cts:greekLit:tlg0527.tlg041,1066
urn:cts:greekLit:tlg0527.tlg042,933
urn:cts:greekLit:tlg0527.tlg043,1045
urn:cts:greekLit:tlg0527.tlg044,1226
urn:cts:greekLit:tlg0527.tlg045,949
urn:cts:greekLit:tlg0527.tlg046,4954
urn:cts:greekLit:tlg0527.tlg047,1411
urn:cts:greekLit:tlg0527.tlg048,27210
urn:cts:greekLit:tlg0527.tlg049,28800
urn:cts:greekLit:tlg0527.tlg050,2592
urn:cts:greekLit:tlg0527.tlg051,2221
urn:cts:greekLit:tlg0527.tlg052,1262
urn:cts:greekLit:tlg0527.tlg053,29397
urn:cts:greekLit:tlg0527.tlg054,895
urn:cts:greekLit:tlg0527.tlg055,1142
urn:cts:greekLit:tlg0527.tlg056,10921
urn:cts:greekLit:tlg0527.tlg057,10075
urn:cts:greekLit:tlg0527.tlg058,903
urn:cts:greekLit:tlg0527.tlg059,765
urn:cts:greekLit:tlg0529.tlg002,20859
urn:cts:greekLit:tlg0530.tlg005,8071
urn:cts:greekLit:tlg0530.tlg006,9603
urn:cts:greekLit:tlg0530.tlg012,18844
urn:cts:greekLit:tlg0530.tlg029,35135
urn:cts:greekLit:tlg0530.tlg032,2150
urn:cts:greekLit:tlg0530.tlg043,17430
urn:cts:greekLit:tlg0532.tlg001,41679
urn:cts:greekLit:tlg0533.tlg003,1951
urn:cts:greekLit:tlg0533.tlg004,2010
urn:cts:greekLit:tlg0533.tlg006,1824
urn:cts:greekLit:tlg0533.tlg007,1731
urn:cts:greekLit:tlg0533.tlg009,1542
urn:cts:greekLit:tlg0533.tlg015,703
urn:cts:greekLit:tlg0533.tlg016,783
urn:cts:greekLit:tlg0533.tlg017,1856
urn:cts:greekLit:tlg0533.tlg018,2165
urn:cts:greekLit:tlg0533.tlg019,916
urn:cts:greekLit:tlg0533.tlg020,970
urn:cts:greekLit:tlg0535.tlg001,2004
urn:cts:greekLit:tlg0537.tlg010,4529
urn:cts:greekLit:tlg0537.tlg011,3023
urn:cts:greekLit:tlg0537.tlg012,1332
urn:cts:greekLit:tlg0537.tlg013,1398
urn:cts:greekLit:tlg0537.tlg014,1545
urn:cts:greekLit:tlg0540.tlg001,2408
urn:cts:greekLit:tlg0540.tlg002,4067
urn:cts:greekLit:tlg0540.tlg003,2183
urn:cts:greekLit:tlg0540.tlg004,950
urn:cts:greekLit:tlg0540.tlg005,278
urn:cts:greekLit:tlg0540.tlg006,2617
urn:cts:greekLit:tlg0540.tlg007,2029
urn:cts:greekLit:tlg0540.tlg008,1040
urn:cts:greekLit:tlg0540.tlg009,879
urn:cts:greekLit:tlg0540.tlg010,1491
urn:cts:greekLit:tlg0540.tlg011,549
urn:cts:greekLit:tlg0540.tlg012,4857
urn:cts:greekLit:tlg0540.tlg013,4864
urn:cts:greekLit:tlg0540.tlg014,2424
urn:cts:greekLit:tlg0540.tlg015,602
urn:cts:greekLit:tlg0540.tlg016,1147
urn:cts:greekLit:tlg0540.tlg017,585
urn:cts:greekLit:tlg0540.tlg018,1346
urn:cts:greekLit:tlg0540.tlg019,3115
urn:cts:greekLit:tlg0540.tlg020,1916
urn:cts:greekLit:tlg0540.tlg021,1296
urn:cts:greekLit:tlg0540.tlg022,1124
urn:cts:greekLit:tlg0540.tlg023,772
urn:cts:greekLit:tlg0540.tlg024,1434
urn:cts:greekLit:tlg0540.tlg025,2022
urn:cts:greekLit:tlg0540.tlg026,1386
urn:cts:greekLit:tlg0540.tlg027,749
urn:cts:greekLit:tlg0540.tlg028,911
urn:cts:greekLit:tlg0540.tlg029,664
urn:cts:greekLit:tlg0540.tlg030,1886
urn:cts:greekLit:tlg0540.tlg031,1822
urn:cts:greekLit:tlg0540.tlg032,1701
urn:cts:greekLit:tlg0540.tlg033,433
urn:cts:greekLit:tlg0540.tlg034,554
urn:cts:greekLit:tlg0541.tlg042,3116
urn:cts:greekLit:tlg0542.tlg001,122
urn:cts:greekLit:tlg0543.tlg001,312799
urn:cts:greekLit:tlg0544.tlg001,52470
urn:cts:greekLit:tlg0544.tlg002,153273
urn:cts:greekLit:tlg0545.tlg001,103309
urn:cts:greekLit:tlg0545.tlg002,38569
urn:cts:greekLit:tlg0545.tlg003,2180
urn:cts:greekLit:tlg0545.tlg004,13525
urn:cts:greekLit:tlg0548.tlg001,27243
urn:cts:greekLit:tlg0548.tlg002,7878
urn:cts:greekLit:tlg0550.tlg001,8705
urn:cts:greekLit:tlg0551.tlg002,856
urn:cts:greekLit:tlg0551.tlg003,1116
urn:cts:greekLit:tlg0551.tlg004,3447
urn:cts:greekLit:tlg0551.tlg005,2131
urn:cts:greekLit:tlg0551.tlg006,945
urn:cts:greekLit:tlg0551.tlg007,15986
urn:cts:greekLit:tlg0551.tlg008,9667
urn:cts:greekLit:tlg0551.tlg009,25075
urn:cts:greekLit:tlg0551.tlg010,381
urn:cts:greekLit:tlg0551.tlg011,3662
urn:cts:greekLit:tlg0551.tlg012,4837
urn:cts:greekLit:tlg0551.tlg013,13646
urn:cts:greekLit:tlg0551.tlg014,24014
urn:cts:greekLit:tlg0551.tlg017,116927
urn:cts:greekLit:tlg0552.tlg001,25687
urn:cts:greekLit:tlg0552.tlg002,1085
urn:cts:greekLit:tlg0552.tlg003,22764
urn:cts:greekLit:tlg0552.tlg004,14429
urn:cts:greekLit:tlg0552.tlg005,9010
urn:cts:greekLit:tlg0552.tlg006,5052
urn:cts:greekLit:tlg0552.tlg007,5793
urn:cts:greekLit:tlg0552.tlg008,11596
urn:cts:greekLit:tlg0552.tlg009,437
urn:cts:greekLit:tlg0552.tlg010,9804
urn:cts:greekLit:tlg0552.tlg011,2882
urn:cts:greekLit:tlg0552.tlg012,695
urn:cts:greekLit:tlg0552.tlg013,1239
urn:cts:greekLit:tlg0553.tlg001,64273
urn:cts:greekLit:tlg0554.tlg001,34823
urn:cts:greekLit:tlg0555.tlg001,23345
urn:cts:greekLit:tlg0555.tlg002,57264
urn:cts:greekLit:tlg0555.tlg004,28573
urn:cts:greekLit:tlg0555.tlg005,4989
urn:cts:greekLit:tlg0555.tlg006,9195
urn:cts:greekLit:tlg0555.tlg007,7529
urn:cts:greekLit:tlg0555.tlg008,679
urn:cts:greekLit:tlg0556.tlg001,6590
urn:cts:greekLit:tlg0557.tlg001,75239
urn:cts:greekLit:tlg0557.tlg002,4989
urn:cts:greekLit:tlg0557.tlg003,1924
urn:cts:greekLit:tlg0557.tlg004,279
urn:cts:greekLit:tlg0557.tlg005,1843
urn:cts:greekLit:tlg0559.tlg001,22430
urn:cts:greekLit:tlg0559.tlg002,9222
urn:cts:greekLit:tlg0559.tlg004,4395
urn:cts:greekLit:tlg0559.tlg005,504
urn:cts:greekLit:tlg0559.tlg006,19830
urn:cts:greekLit:tlg0559.tlg007,12925
urn:cts:greekLit:tlg0559.tlg010,17463
urn:cts:greekLit:tlg0559.tlg011,4880
urn:cts:greekLit:tlg0559.tlg012,5392
urn:cts:greekLit:tlg0559.tlg014,3108
urn:cts:greekLit:tlg0559.tlg015,4765
urn:cts:greekLit:tlg0559.tlg016,6558
urn:cts:greekLit:tlg0560.tlg001,12655
urn:cts:greekLit:tlg0561.tlg001,19752
urn:cts:greekLit:tlg0562.tlg001,29259
urn:cts:greekLit:tlg0563.tlg001,65784
urn:cts:greekLit:tlg0564.tlg001,6901
urn:cts:greekLit:tlg0565.tlg001,42490
urn:cts:greekLit:tlg0565.tlg002,1184
urn:cts:greekLit:tlg0565.tlg003,2961
urn:cts:greekLit:tlg0565.tlg004,706
urn:cts:greekLit:tlg0572.tlg001,1015
urn:cts:greekLit:tlg0575.tlg001,303
urn:cts:greekLit:tlg0575.tlg002,368
urn:cts:greekLit:tlg0579.tlg010,2971
urn:cts:greekLit:tlg0580.tlg001,1213
urn:cts:greekLit:tlg0591.1st1K001,502
urn:cts:greekLit:tlg0591.1st1K002,924
urn:cts:greekLit:tlg0592.tlg001,3957
urn:cts:greekLit:tlg0592.tlg002,10648
urn:cts:greekLit:tlg0592.tlg003,20455
urn:cts:greekLit:tlg0592.tlg004,40270
urn:cts:greekLit:tlg0592.tlg005,6454
urn:cts:greekLit:tlg0593.1st1K001,1343
urn:cts:greekLit:tlg0593.1st1K002,2451
urn:cts:greekLit:tlg0606.tlg001,1454
urn:cts:greekLit:tlg0607.tlg001,11499
urn:cts:greekLit:tlg0609.tlg001,2905
urn:cts:greekLit:tlg0610.perseus002,2174
urn:cts:greekLit:tlg0610.tlg001,3808
urn:cts:greekLit:tlg0612.tlg001,178038
urn:cts:greekLit:tlg0613.tlg001,15440
urn:cts:greekLit:tlg0614.tlg001,28692
urn:cts:greekLit:tlg0615.tlg001,69888
urn:cts:greekLit:tlg0616.tlg001,62592
urn:cts:greekLit:tlg0616.tlg002,16385
urn:cts:greekLit:tlg0618.tlg001,99
urn:cts:greekLit:tlg0620.tlg002,1405
urn:cts:greekLit:tlg0623.tlg001,2992
urn:cts:greekLit:tlg0626.tlg002,3591
urn:cts:greekLit:tlg0627.tlg001,5534
urn:cts:greekLit:tlg0627.tlg002,7502
urn:cts:greekLit:tlg0627.tlg003,5219
urn:cts:greekLit:tlg0627.tlg004,6132
urn:cts:greekLit:tlg0627.tlg005,5372
urn:cts:greekLit:tlg0627.tlg006,16523
urn:cts:greekLit:tlg0627.tlg007,4993
urn:cts:greekLit:tlg0627.tlg008,2147
urn:cts:greekLit:tlg0627.tlg009,11243
urn:cts:greekLit:tlg0627.tlg010,21326
urn:cts:greekLit:tlg0627.tlg011,4955
urn:cts:greekLit:tlg0627.tlg012,7504
urn:cts:greekLit:tlg0627.tlg013,251
urn:cts:greekLit:tlg0627.tlg014,330
urn:cts:greekLit:tlg0627.tlg015,2271
urn:cts:greekLit:tlg0627.tlg016,10297
urn:cts:greekLit:tlg0627.tlg017,12767
urn:cts:greekLit:tlg0627.tlg018,2713
urn:cts:greekLit:tlg0627.tlg019,3914
urn:cts:greekLit:tlg0627.tlg020,1466
urn:cts:greekLit:tlg0627.tlg021,2856
urn:cts:greekLit:tlg0627.tlg022,1484
urn:cts:greekLit:tlg0627.tlg023,35303
urn:cts:greekLit:tlg0627.tlg024a,1958
urn:cts:greekLit:tlg0627.tlg024b,7318
urn:cts:greekLit:tlg0627.tlg025,7471
urn:cts:greekLit:tlg0627.tlg026,8520
urn:cts:greekLit:tlg0627.tlg027,4717
urn:cts:greekLit:tlg0627.tlg028,3358
urn:cts:greekLit:tlg0627.tlg029,897
urn:cts:greekLit:tlg0627.tlg030,1545
urn:cts:greekLit:tlg0627.tlg031,19988
urn:cts:greekLit:tlg0627.tlg032,16169
urn:cts:greekLit:tlg0627.tlg033,11936
urn:cts:greekLit:tlg0627.tlg035,786
urn:cts:greekLit:tlg0627.tlg036,48905
urn:cts:greekLit:tlg0627.tlg037,454
urn:cts:greekLit:tlg0627.tlg038,3446
urn:cts:greekLit:tlg0627.tlg039,480
urn:cts:greekLit:tlg0627.tlg040,246
urn:cts:greekLit:tlg0627.tlg041,414
urn:cts:greekLit:tlg0627.tlg042,1785
urn:cts:greekLit:tlg0627.tlg043,3401
urn:cts:greekLit:tlg0627.tlg045,1033
urn:cts:greekLit:tlg0627.tlg046,1309
urn:cts:greekLit:tlg0627.tlg047,794
urn:cts:greekLit:tlg0627.tlg048,3344
urn:cts:greekLit:tlg0627.tlg049,1528
urn:cts:greekLit:tlg0627.tlg050,1519
urn:cts:greekLit:tlg0627.tlg051,1351
urn:cts:greekLit:tlg0627.tlg052,2036
urn:cts:greekLit:tlg0627.tlg053,1296
urn:cts:greekLit:tlg0627.tlg055,11815
urn:cts:greekLit:tlg0628.tlg001,15510
urn:cts:greekLit:tlg0628.tlg002,1520
urn:cts:greekLit:tlg0628.tlg003,1326
urn:cts:greekLit:tlg0629.tlg001,107
urn:cts:greekLit:tlg0632.tlg002,210
urn:cts:greekLit:tlg0633.tlg001,516
urn:cts:greekLit:tlg0634.tlg001,4671
urn:cts:greekLit:tlg0636.tlg001,3002
urn:cts:greekLit:tlg0637.tlg001,7710
urn:cts:greekLit:tlg0638.tlg001,83948
urn:cts:greekLit:tlg0638.tlg003,28342
urn:cts:greekLit:tlg0638.tlg004,21814
urn:cts:greekLit:tlg0638.tlg005,996
urn:cts:greekLit:tlg0638.tlg006,7531
urn:cts:greekLit:tlg0638.tlg007,7671
urn:cts:greekLit:tlg0639.tlg001,57
urn:cts:greekLit:tlg0640.tlg001,20494
urn:cts:greekLit:tlg0641.tlg001,16468
urn:cts:greekLit:tlg0643.opp001,4085
urn:cts:greekLit:tlg0643.opp002,280
urn:cts:greekLit:tlg0643.opp003,435
urn:cts:greekLit:tlg0643.tlg001,14665
urn:cts:greekLit:tlg0643.tlg002,230
urn:cts:greekLit:tlg0644.tlg001,38269
urn:cts:greekLit:tlg0645.tlg001,14440
urn:cts:greekLit:tlg0645.tlg002,3293
urn:cts:greekLit:tlg0645.tlg003,55921
urn:cts:greekLit:tlg0646.tlg004,2614
urn:cts:greekLit:tlg0647.tlg001,4230
urn:cts:greekLit:tlg0648.tlg001,12136
urn:cts:greekLit:tlg0649.tlg002,1298
urn:cts:greekLit:tlg0649.tlg003,836
urn:cts:greekLit:tlg0652.tlg001,7201
urn:cts:greekLit:tlg0653.tlg001,7757
urn:cts:greekLit:tlg0655.tlg001,6487
urn:cts:greekLit:tlg0656.tlg001,77317
urn:cts:greekLit:tlg0656.tlg002,31771
urn:cts:greekLit:tlg0657.tlg001,612
urn:cts:greekLit:tlg0658.tlg001,76365
urn:cts:greekLit:tlg0666.tlg001,260
urn:cts:greekLit:tlg0671.tlg001,9006
urn:cts:greekLit:tlg0676.tlg001,182
urn:cts:greekLit:tlg0693.tlg001,13160
urn:cts:greekLit:tlg0693.tlg002,1378
urn:cts:greekLit:tlg0708.tlg001,17359
urn:cts:greekLit:tlg0719.tlg001,9567
urn:cts:greekLit:tlg0719.tlg002,17519
urn:cts:greekLit:tlg0719.tlg003,16390
urn:cts:greekLit:tlg0719.tlg004,8125
urn:cts:greekLit:tlg0731.tlg001,8132
urn:cts:greekLit:tlg0731.tlg003,3615
urn:cts:greekLit:tlg0732.tlg001,10015
urn:cts:greekLit:tlg0732.tlg003,8100
urn:cts:greekLit:tlg0732.tlg005,158615
urn:cts:greekLit:tlg0732.tlg010,30910
urn:cts:greekLit:tlg0732.tlg011,35604
urn:cts:greekLit:tlg0732.tlg012,40882
urn:cts:greekLit:tlg0732.tlg013,17780
urn:cts:greekLit:tlg0732.tlg014,16317
urn:cts:greekLit:tlg0732.tlgX01,71935
urn:cts:greekLit:tlg0733.tlg001,6915
urn:cts:greekLit:tlg0751.tlg005,1649
urn:cts:greekLit:tlg0751.tlg034,1681
urn:cts:greekLit:tlg1118.tlg003,1090
urn:cts:greekLit:tlg1126.tlg003,83
urn:cts:greekLit:tlg1129.tlg001,1350
urn:cts:greekLit:tlg1131.tlg001,1229
urn:cts:greekLit:tlg1134.tlg001,1869
urn:cts:greekLit:tlg1146.tlg001,4680
urn:cts:greekLit:tlg1147.tlg003,4357
urn:cts:greekLit:tlg1181.tlg001,7012
urn:cts:greekLit:tlg1188.tlg002,5734
urn:cts:greekLit:tlg1193.tlg001,5080
urn:cts:greekLit:tlg1194.tlg001,34238
urn:cts:greekLit:tlg1205.tlg001,11311
urn:cts:greekLit:tlg1205.tlg002,8913
urn:cts:greekLit:tlg1210.tlg001,4062
urn:cts:greekLit:tlg1210.tlg002,10233
urn:cts:greekLit:tlg1216.tlg001,6717
urn:cts:greekLit:tlg1220.tlg001,2148
urn:cts:greekLit:tlg1247.tlg001,4726
urn:cts:greekLit:tlg1252.tlg002,2476
urn:cts:greekLit:tlg1264.tlg001,134790
urn:cts:greekLit:tlg1264.tlg002,72139
urn:cts:greekLit:tlg1264.tlg003,322
urn:cts:greekLit:tlg1264.tlg004,4784
urn:cts:greekLit:tlg1269.tlg002,10547
urn:cts:greekLit:tlg1271.tlg001,9835
urn:cts:greekLit:tlg1271.tlg002,3015
urn:cts:greekLit:tlg1271.tlg003,490
urn:cts:greekLit:tlg1271.tlg004,661
urn:cts:greekLit:tlg1271.tlg005,2520
urn:cts:greekLit:tlg1271.tlg006,64103
urn:cts:greekLit:tlg1271.tlg010,2105
urn:cts:greekLit:tlg1271.tlg011,25241
urn:cts:greekLit:tlg1271.tlg012,25961
urn:cts:greekLit:tlg1272.tlg001,23950
urn:cts:greekLit:tlg1286.tlg001,2443
urn:cts:greekLit:tlg1286.tlg002,1329
urn:cts:greekLit:tlg1286.tlg003,394
urn:cts:greekLit:tlg1286.tlg004,989
urn:cts:greekLit:tlg1286.tlg005,1165
urn:cts:greekLit:tlg1286.tlg006,794
urn:cts:greekLit:tlg1286.tlg007,244
urn:cts:greekLit:tlg1286.tlg008,480
urn:cts:greekLit:tlg1286.tlg009,1031
urn:cts:greekLit:tlg1286.tlg010,2548
urn:cts:greekLit:tlg1286.tlg011,2445
urn:cts:greekLit:tlg1286.tlg012,2104
urn:cts:greekLit:tlg1286.tlg013,2045
urn:cts:greekLit:tlg1286.tlg014,848
urn:cts:greekLit:tlg1286.tlg016,1361
urn:cts:greekLit:tlg1286.tlg017,127
urn:cts:greekLit:tlg1286.tlg018,1413
urn:cts:greekLit:tlg1286.tlg019,9817
urn:cts:greekLit:tlg1286.tlg020,18339
urn:cts:greekLit:tlg1287.tlg001,1584
urn:cts:greekLit:tlg1304.tlg002,15629
urn:cts:greekLit:tlg1309.tlg001,3630
urn:cts:greekLit:tlg1311.tlg001,2191
urn:cts:greekLit:tlg1319.tlg002,1355
urn:cts:greekLit:tlg1320.tlg001,11619
urn:cts:greekLit:tlg1325.tlg001,8891
urn:cts:greekLit:tlg1329.tlg001,605
urn:cts:greekLit:tlg1337.tlg003,688
urn:cts:greekLit:tlg1347.tlg004,1429
urn:cts:greekLit:tlg1367.tlg001,1822
urn:cts:greekLit:tlg1383.tlg001,20580
urn:cts:greekLit:tlg1389.tlg001,38994
urn:cts:greekLit:tlg1390.tlg004,1917
urn:cts:greekLit:tlg1402.tlg001,7795
urn:cts:greekLit:tlg1402.tlg002,591
urn:cts:greekLit:tlg1402.tlg003,1579
urn:cts:greekLit:tlg1402.tlg004,571
urn:cts:greekLit:tlg1402.tlg005,297
urn:cts:greekLit:tlg1409.opp003,442
urn:cts:greekLit:tlg1414.tlg001,14401
urn:cts:greekLit:tlg1416.tlg007,2272
urn:cts:greekLit:tlg1419.tlg001,28556
urn:cts:greekLit:tlg1431.tlg003,28454
urn:cts:greekLit:tlg1434.tlg004,830
urn:cts:greekLit:tlg1441.tlg001,1185
urn:cts:greekLit:tlg1443.tlg001,7752
urn:cts:greekLit:tlg1443.tlg002,19723
urn:cts:greekLit:tlg1447.tlg001,19630
urn:cts:greekLit:tlg1447.tlg009,366
urn:cts:greekLit:tlg1463.tlg001,5766
urn:cts:greekLit:tlg1482.tlg001,27650
urn:cts:greekLit:tlg1484.tlg001,2602
urn:cts:greekLit:tlg1486.tlg001,851
urn:cts:greekLit:tlg1486.tlg002,133
urn:cts:greekLit:tlg1487.tlg001,4051
urn:cts:greekLit:tlg1487.tlg002,2297
urn:cts:greekLit:tlg1542.tlg001,6923
urn:cts:greekLit:tlg1548.tlg001,8488
urn:cts:greekLit:tlg1551.tlg001,28110
urn:cts:greekLit:tlg1551.tlg002,648
urn:cts:greekLit:tlg1553.tlg001,7527
urn:cts:greekLit:tlg1562.tlg002,3301
urn:cts:greekLit:tlg1595.tlg221,16225
urn:cts:greekLit:tlg1595.tlg370,9762
urn:cts:greekLit:tlg1596.tlg002,2366
urn:cts:greekLit:tlg1600.tlg001,23076
urn:cts:greekLit:tlg1602.tlg001,479
urn:cts:greekLit:tlg1617.tlg001,6044
urn:cts:greekLit:tlg1622.tlg001,1580
urn:cts:greekLit:tlg1626.tlg001,314
urn:cts:greekLit:tlg1634.tlg002,1897
urn:cts:greekLit:tlg1664.tlg001,1651
urn:cts:greekLit:tlg1665.tlg001,1299
urn:cts:greekLit:tlg1669.tlg004,1941
urn:cts:greekLit:tlg1681.tlg001,443
urn:cts:greekLit:tlg1692.tlg005,5483
urn:cts:greekLit:tlg1699.tlg001,329
urn:cts:greekLit:tlg1699.tlg002,1486
urn:cts:greekLit:tlg1699.tlg003,1280
urn:cts:greekLit:tlg1699.tlg004,1198
urn:cts:greekLit:tlg1699.tlg005,447
urn:cts:greekLit:tlg1699.tlg006,221
urn:cts:greekLit:tlg1699.tlg007,212
urn:cts:greekLit:tlg1699.tlg008,968
urn:cts:greekLit:tlg1701.tlg001,6973
urn:cts:greekLit:tlg1701.tlg002,3231
urn:cts:greekLit:tlg1705.tlg001,197
urn:cts:greekLit:tlg1719.tlg001,27533
urn:cts:greekLit:tlg1724.tlg001,38678
urn:cts:greekLit:tlg1725.tlg001,21591
urn:cts:greekLit:tlg1749.tlg001,432
urn:cts:greekLit:tlg1750.tlg001,5412
urn:cts:greekLit:tlg1750.tlg002,4110
urn:cts:greekLit:tlg1750.tlg003,1166
urn:cts:greekLit:tlg1750.tlg004,3616
urn:cts:greekLit:tlg1763.tlg001,2038
urn:cts:greekLit:tlg1764.tlg001,102411
urn:cts:greekLit:tlg1765.tlg003,11656
urn:cts:greekLit:tlg1765.tlg004,305
urn:cts:greekLit:tlg1765.tlg005,157
urn:cts:greekLit:tlg1766.tlg001,10227
urn:cts:greekLit:tlg1799.tlg001,152675
urn:cts:greekLit:tlg1799.tlg007,19707
urn:cts:greekLit:tlg1799.tlg008,546
urn:cts:greekLit:tlg1799.tlg009,11137
urn:cts:greekLit:tlg1799.tlg010,10178
urn:cts:greekLit:tlg1799.tlg011,5293
urn:cts:greekLit:tlg1799.tlg012,8095
urn:cts:greekLit:tlg1799.tlg013,676
urn:cts:greekLit:tlg1799.tlg014,2405
urn:cts:greekLit:tlg1799.tlg015,2543
urn:cts:greekLit:tlg1799.tlg016,10480
urn:cts:greekLit:tlg1799.tlg017,226
urn:cts:greekLit:tlg1801.tlg001,459
urn:cts:greekLit:tlg1802.tlg001,825
urn:cts:greekLit:tlg1803.tlg001,3803
urn:cts:greekLit:tlg1805.tlg001,4394
urn:cts:greekLit:tlg1805.tlg002,963
urn:cts:greekLit:tlg1805.tlg003,571
urn:cts:greekLit:tlg1805.tlg004,182
urn:cts:greekLit:tlg1805.tlg005,398
urn:cts:greekLit:tlg1805.tlg006,561
urn:cts:greekLit:tlg1805.tlg007,132
urn:cts:greekLit:tlg1805.tlg008,282
urn:cts:greekLit:tlg1805.tlg009,97
urn:cts:greekLit:tlg1805.tlg010,1696
urn:cts:greekLit:tlg2000.tlg001,214077
urn:cts:greekLit:tlg2001.tlg038,32075
urn:cts:greekLit:tlg2001.tlg039,82636
urn:cts:greekLit:tlg2001.tlg041,15008
urn:cts:greekLit:tlg2001.tlg043,87272
urn:cts:greekLit:tlg2001.tlg044,14302
urn:cts:greekLit:tlg2003.tlg001,11584
urn:cts:greekLit:tlg2003.tlg002,6850
urn:cts:greekLit:tlg2003.tlg003,13033
urn:cts:greekLit:tlg2003.tlg004,3025
urn:cts:greekLit:tlg2003.tlg005,4655
urn:cts:greekLit:tlg2003.tlg006,3301
urn:cts:greekLit:tlg2003.tlg007,8829
urn:cts:greekLit:tlg2003.tlg008,5751
urn:cts:greekLit:tlg2003.tlg009,5652
urn:cts:greekLit:tlg2003.tlg010,6711
urn:cts:greekLit:tlg2003.tlg011,7449
urn:cts:greekLit:tlg2003.tlg012,8308
urn:cts:greekLit:tlg2003.tlg013,27209
urn:cts:greekLit:tlg2003.tlg017,10659
urn:cts:greekLit:tlg2016.tlg001,3991
urn:cts:greekLit:tlg2018.tlg001,231504
urn:cts:greekLit:tlg2018.tlg002,101888
urn:cts:greekLit:tlg2018.tlg003,7865
urn:cts:greekLit:tlg2018.tlg005,156878
urn:cts:greekLit:tlg2018.tlg007,18376
urn:cts:greekLit:tlg2018.tlg008,185
urn:cts:greekLit:tlg2018.tlg009,41740
urn:cts:greekLit:tlg2018.tlg010,8480
urn:cts:greekLit:tlg2018.tlg011,17042
urn:cts:greekLit:tlg2018.tlg020,38666
urn:cts:greekLit:tlg2018.tlg021,10960
urn:cts:greekLit:tlg2018.tlg022,19532
urn:cts:greekLit:tlg2018.tlg023,53333
urn:cts:greekLit:tlg2021.tlg001,39479
urn:cts:greekLit:tlg2021.tlg002,192348
urn:cts:greekLit:tlg2021.tlg003,3219
urn:cts:greekLit:tlg2022.tlg003,15697
urn:cts:greekLit:tlg2022.tlg007,2107
urn:cts:greekLit:tlg2022.tlg008,7346
urn:cts:greekLit:tlg2022.tlg009,4831
urn:cts:greekLit:tlg2022.tlg010,4939
urn:cts:greekLit:tlg2022.tlg011,6233
urn:cts:greekLit:tlg2022.tlg060,144
urn:cts:greekLit:tlg2023.tlg001,29920
urn:cts:greekLit:tlg2023.tlg002,4321
urn:cts:greekLit:tlg2023.tlg003,20018
urn:cts:greekLit:tlg2023.tlg004,26603
urn:cts:greekLit:tlg2023.tlg006,41263
urn:cts:greekLit:tlg2027.tlg001,18429
urn:cts:greekLit:tlg2027.tlg002,1823
urn:cts:greekLit:tlg2029.tlg001,1953
urn:cts:greekLit:tlg2032.tlg001,54406
urn:cts:greekLit:tlg2034.tlg002,6099
urn:cts:greekLit:tlg2034.tlg003,35845
urn:cts:greekLit:tlg2034.tlg005,4804
urn:cts:greekLit:tlg2034.tlg006,5346
urn:cts:greekLit:tlg2034.tlg014,69621
urn:cts:greekLit:tlg2034.tlg015,12924
urn:cts:greekLit:tlg2034.tlg027,2241
urn:cts:greekLit:tlg2035.tlg002,19786
urn:cts:greekLit:tlg2035.tlg003,1242
urn:cts:greekLit:tlg2035.tlg117,10954
urn:cts:greekLit:tlg2035.tlg130,23457
urn:cts:greekLit:tlg2035.tlg131,29759
urn:cts:greekLit:tlg2035.tlg132,24094
urn:cts:greekLit:tlg2036.tlg001,23614
urn:cts:greekLit:tlg2038.tlg001,28954
urn:cts:greekLit:tlg2039.tlg003,91
urn:cts:greekLit:tlg2039.tlg004,2405
urn:cts:greekLit:tlg2039.tlg005,3196
urn:cts:greekLit:tlg2040.tlg002,4687
urn:cts:greekLit:tlg2040.tlg004,134853
urn:cts:greekLit:tlg2041.tlg001,11329
urn:cts:greekLit:tlg2042.tlg001,164838
urn:cts:greekLit:tlg2042.tlg005,154588
urn:cts:greekLit:tlg2042.tlg006,23090
urn:cts:greekLit:tlg2042.tlg007,12332
urn:cts:greekLit:tlg2042.tlg008,28032
urn:cts:greekLit:tlg2042.tlg009,24131
urn:cts:greekLit:tlg2042.tlg010,8474
urn:cts:greekLit:tlg2042.tlg011,10650
urn:cts:greekLit:tlg2042.tlg012,171
urn:cts:greekLit:tlg2042.tlg013,3606
urn:cts:greekLit:tlg2042.tlg014,1989
urn:cts:greekLit:tlg2042.tlg015,90
urn:cts:greekLit:tlg2042.tlg016,51831
urn:cts:greekLit:tlg2042.tlg017,14915
urn:cts:greekLit:tlg2042.tlg019,64436
urn:cts:greekLit:tlg2042.tlg021,31730
urn:cts:greekLit:tlg2042.tlg028,85625
urn:cts:greekLit:tlg2042.tlg029,22115
urn:cts:greekLit:tlg2042.tlg030,90869
urn:cts:greekLit:tlg2042.tlg044,8046
urn:cts:greekLit:tlg2042.tlg045,4774
urn:cts:greekLit:tlg2042.tlg048,9831
urn:cts:greekLit:tlg2042.tlg050,3251
urn:cts:greekLit:tlg2042.tlg051,1500
urn:cts:greekLit:tlg2042.tlg052,1718
urn:cts:greekLit:tlg2042.tlg053,2445
urn:cts:greekLit:tlg2042.tlg054,943
urn:cts:greekLit:tlg2042.tlg055,267
urn:cts:greekLit:tlg2042.tlg057,3097
urn:cts:greekLit:tlg2042.tlg058,102458
urn:cts:greekLit:tlg2042.tlg061,358
urn:cts:greekLit:tlg2042.tlg066,641
urn:cts:greekLit:tlg2042.tlg067,248
urn:cts:greekLit:tlg2042.tlg068,479
urn:cts:greekLit:tlg2042.tlg069,215
urn:cts:greekLit:tlg2042.tlg070,1880
urn:cts:greekLit:tlg2042.tlg071,175
urn:cts:greekLit:tlg2042.tlg072,141
urn:cts:greekLit:tlg2042.tlg073,8612
urn:cts:greekLit:tlg2042.tlg074,8706
urn:cts:greekLit:tlg2042.tlg075,17546
urn:cts:greekLit:tlg2042.tlg076,6985
urn:cts:greekLit:tlg2042.tlg077,4257
urn:cts:greekLit:tlg2042.tlg078,10812
urn:cts:greekLit:tlg2042.tlg079,59280
urn:cts:greekLit:tlg2042.tlg084,714
urn:cts:greekLit:tlg2042.tlg086,6256
urn:cts:greekLit:tlg2045.tlg001,127569
urn:cts:greekLit:tlg2046.tlg001,60122
urn:cts:greekLit:tlg2048.tlg001,107655
urn:cts:greekLit:tlg2049.tlg001,5228
urn:cts:greekLit:tlg2050.tlg001,865
urn:cts:greekLit:tlg2057.tlg002,101862
urn:cts:greekLit:tlg2058.tlg001,34467
urn:cts:greekLit:tlg2115.tlg060,70407
urn:cts:greekLit:tlg2135.tlg001,5264
urn:cts:greekLit:tlg2136.tlg001,3458
urn:cts:greekLit:tlg2137.tlg001,4941
urn:cts:greekLit:tlg2138.tlg001,105
urn:cts:greekLit:tlg2139.tlg001,69
urn:cts:greekLit:tlg2140.tlg001,1073
urn:cts:greekLit:tlg2178.tlg001,5457
urn:cts:greekLit:tlg2178.tlg002,672
urn:cts:greekLit:tlg2178.tlg004,1476
urn:cts:greekLit:tlg2189.tlg003,171
urn:cts:greekLit:tlg2200.tlg001,118155
urn:cts:greekLit:tlg2200.tlg00401,22447
urn:cts:greekLit:tlg2200.tlg00402,3973
urn:cts:greekLit:tlg2200.tlg00403,1969
urn:cts:greekLit:tlg2200.tlg00404,2367
urn:cts:greekLit:tlg2200.tlg00405,2815
urn:cts:greekLit:tlg2200.tlg00406,999
urn:cts:greekLit:tlg2200.tlg00407,539
urn:cts:greekLit:tlg2200.tlg00408,746
urn:cts:greekLit:tlg2200.tlg00409,932
urn:cts:greekLit:tlg2200.tlg00410,2192
urn:cts:greekLit:tlg2200.tlg00411,15386
urn:cts:greekLit:tlg2200.tlg00426,2775
urn:cts:greekLit:tlg2200.tlg00427,3613
urn:cts:greekLit:tlg2200.tlg00428,2187
urn:cts:greekLit:tlg2200.tlg00429,3017
urn:cts:greekLit:tlg2200.tlg00430,5079
urn:cts:greekLit:tlg2200.tlg00431,3777
urn:cts:greekLit:tlg2200.tlg00432,2466
urn:cts:greekLit:tlg2200.tlg00433,3880
urn:cts:greekLit:tlg2200.tlg00434,2521
urn:cts:greekLit:tlg2200.tlg00435,2595
urn:cts:greekLit:tlg2200.tlg00436,1421
urn:cts:greekLit:tlg2200.tlg00437,1805
urn:cts:greekLit:tlg2200.tlg00438,2023
urn:cts:greekLit:tlg2200.tlg00439,2023
urn:cts:greekLit:tlg2200.tlg00440,2457
urn:cts:greekLit:tlg2200.tlg00441,1745
urn:cts:greekLit:tlg2200.tlg00442,4713
urn:cts:greekLit:tlg2200.tlg00443,2094
urn:cts:greekLit:tlg2200.tlg00444,393
urn:cts:greekLit:tlg2200.tlg00445,3151
urn:cts:greekLit:tlg2200.tlg00446,3878
urn:cts:greekLit:tlg2200.tlg00447,3399
urn:cts:greekLit:tlg2200.tlg00448,3603
urn:cts:greekLit:tlg2200.tlg00449,3007
urn:cts:greekLit:tlg2200.tlg00450,2855
urn:cts:greekLit:tlg2200.tlg00451,2836
urn:cts:greekLit:tlg2200.tlg00452,4557
urn:cts:greekLit:tlg2200.tlg00453,2658
urn:cts:greekLit:tlg2200.tlg00454,5963
urn:cts:greekLit:tlg2200.tlg00455,2943
urn:cts:greekLit:tlg2200.tlg00456,2269
urn:cts:greekLit:tlg2200.tlg00457,4265
urn:cts:greekLit:tlg2200.tlg00458,3152
urn:cts:greekLit:tlg2200.tlg00459,13480
urn:cts:greekLit:tlg2200.tlg00460,930
urn:cts:greekLit:tlg2200.tlg00461,1627
urn:cts:greekLit:tlg2200.tlg00462,5364
urn:cts:greekLit:tlg2200.tlg00463,3369
urn:cts:greekLit:tlg2200.tlg00464,10547
urn:cts:greekLit:tlg2200.tlg00501,15001
urn:cts:greekLit:tlg2200.tlg00502,3070
urn:cts:greekLit:tlg2200.tlg00503,2509
urn:cts:greekLit:tlg2200.tlg00504,7169
urn:cts:greekLit:tlg2200.tlg00505,7926
urn:cts:greekLit:tlg2200.tlg00506,5502
urn:cts:greekLit:tlg2200.tlg00507,1911
urn:cts:greekLit:tlg2200.tlg00508,2523
urn:cts:greekLit:tlg2200.tlg00509,3974
urn:cts:greekLit:tlg2200.tlg00510,3756
urn:cts:greekLit:tlg2200.tlg00511,2793
urn:cts:greekLit:tlg2200.tlg00512,4203
urn:cts:greekLit:tlg2200.tlg00513,5725
urn:cts:greekLit:tlg2200.tlg00514,3067
urn:cts:greekLit:tlg2200.tlg00515,5379
urn:cts:greekLit:tlg2200.tlg00516,6681
urn:cts:greekLit:tlg2200.tlg00517,6577
urn:cts:greekLit:tlg2200.tlg00518,2631
urn:cts:greekLit:tlg2200.tlg00519,3520
urn:cts:greekLit:tlg2200.tlg00520,2701
urn:cts:greekLit:tlg2200.tlg00521,3034
urn:cts:greekLit:tlg2200.tlg00522,3258
urn:cts:greekLit:tlg2200.tlg00523,8123
urn:cts:greekLit:tlg2200.tlg00524,2370
urn:cts:greekLit:tlg2200.tlg00525,3718
urn:cts:greekLit:tlg2200.tlg00526,3838
urn:cts:greekLit:tlg2200.tlg00527,2070
urn:cts:greekLit:tlg2200.tlg00528,1775
urn:cts:greekLit:tlg2200.tlg00529,2351
urn:cts:greekLit:tlg2200.tlg00530,5226
urn:cts:greekLit:tlg2200.tlg00531,4178
urn:cts:greekLit:tlg2200.tlg00532,4333
urn:cts:greekLit:tlg2200.tlg00533,3970
urn:cts:greekLit:tlg2200.tlg00534,11946
urn:cts:greekLit:tlg2200.tlg00535,2844
urn:cts:greekLit:tlg2200.tlg00536,3814
urn:cts:greekLit:tlg2200.tlg00537,2995
urn:cts:greekLit:tlg2200.tlg00538,3727
urn:cts:greekLit:tlg2200.tlg00539,3288
urn:cts:greekLit:tlg2200.tlg00540,7144
urn:cts:greekLit:tlg2200.tlg00541,3913
urn:cts:greekLit:tlg2200.tlg00542,4509
urn:cts:greekLit:tlg2200.tlg00543,6114
urn:cts:greekLit:tlg2200.tlg00544,5655
urn:cts:greekLit:tlg2200.tlg00545,2410
urn:cts:greekLit:tlg2200.tlg00546,3417
urn:cts:greekLit:tlg2200.tlg00547,4338
urn:cts:greekLit:tlg2200.tlg00548,5229
urn:cts:greekLit:tlg2200.tlg00549,6653
urn:cts:greekLit:tlg2200.tlg00550,3667
urn:cts:greekLit:tlg2200.tlg00551,1110
urn:cts:greekLit:tlg2200.tlg008,2452
urn:cts:greekLit:tlg2233.tlg001,7725
urn:cts:greekLit:tlg2233.tlg002,581
urn:cts:greekLit:tlg2583.tlg001,19725
urn:cts:greekLit:tlg2586.tlg001,9004
urn:cts:greekLit:tlg2586.tlg002,19417
urn:cts:greekLit:tlg2601.tlg001,4772
urn:cts:greekLit:tlg2632.tlg001,2343
urn:cts:greekLit:tlg2640.tlg001,3142
urn:cts:greekLit:tlg2655.tlg002,2657
urn:cts:greekLit:tlg2691.tlg002,1236
urn:cts:greekLit:tlg2703.tlg001,118142
urn:cts:greekLit:tlg2733.tlg001,51011
urn:cts:greekLit:tlg2768.tlg001,49358
urn:cts:greekLit:tlg2806.tlg001,22180
urn:cts:greekLit:tlg2934.tlg066,64531
urn:cts:greekLit:tlg2948.tlg001,16309
urn:cts:greekLit:tlg2949.tlg001,2152
urn:cts:greekLit:tlg2959.tlg001,27720
urn:cts:greekLit:tlg2959.tlg002,10848
urn:cts:greekLit:tlg2959.tlg005,1863
urn:cts:greekLit:tlg2959.tlg006,1225
urn:cts:greekLit:tlg2959.tlg007,1592
urn:cts:greekLit:tlg2959.tlg008,57
urn:cts:greekLit:tlg2959.tlg010,145
urn:cts:greekLit:tlg2970.tlg001,391
urn:cts:greekLit:tlg2972.tlg001,611
urn:cts:greekLit:tlg3118.tlg001,23901
urn:cts:greekLit:tlg3118.tlg002,11803
urn:cts:greekLit:tlg3129.ogl001,1226
urn:cts:greekLit:tlg3135.tlg001,348007
urn:cts:greekLit:tlg3135.tlg011,24169
urn:cts:greekLit:tlg3135.tlg012,990
urn:cts:greekLit:tlg3156.tlg001,11274
urn:cts:greekLit:tlg4003.tlg001,11170
urn:cts:greekLit:tlg4003.tlg002,2320
urn:cts:greekLit:tlg4003.tlg003,483
urn:cts:greekLit:tlg4013.tlg003,168396
urn:cts:greekLit:tlg4015.tlg005,52928
urn:cts:greekLit:tlg4016.tlg001,33681
urn:cts:greekLit:tlg4016.tlg002,28141
urn:cts:greekLit:tlg4016.tlg004,33872
urn:cts:greekLit:tlg4016.tlg005,19714
urn:cts:greekLit:tlg4019.tlg001,9875
urn:cts:greekLit:tlg4020.tlg001,34414
urn:cts:greekLit:tlg4024.tlg001,54904
urn:cts:greekLit:tlg4024.tlg002,6852
urn:cts:greekLit:tlg4026.tlg001,99240
urn:cts:greekLit:tlg4026.tlg002,2112
urn:cts:greekLit:tlg4026.tlg003,981
urn:cts:greekLit:tlg4027.tlg001,31836
urn:cts:greekLit:tlg4029.tlg001,224514
urn:cts:greekLit:tlg4029.tlg002,32254
urn:cts:greekLit:tlg4030.tlg001,68878
urn:cts:greekLit:tlg4033.tlg003,97977
urn:cts:greekLit:tlg4034.tlg002,50826
urn:cts:greekLit:tlg4034.tlg003,40516
urn:cts:greekLit:tlg4034.tlg004,9849
urn:cts:greekLit:tlg4034.tlg005,13707
urn:cts:greekLit:tlg4036.tlg001,176004
urn:cts:greekLit:tlg4036.tlg023,592
urn:cts:greekLit:tlg4037.tlg001,1439
urn:cts:greekLit:tlg4072.tlg001,29937
urn:cts:greekLit:tlg4072.tlg002,3924
urn:cts:greekLit:tlg4072.tlg003,7240
urn:cts:greekLit:tlg4075.tlg002,2629
urn:cts:greekLit:tlg4081.tlg001,2329
urn:cts:greekLit:tlg4084.tlg001,62236
urn:cts:greekLit:tlg4086.tlg001,15
urn:cts:greekLit:tlg4086.tlg002,871
urn:cts:greekLit:tlg4089.tlg003,67152
urn:cts:greekLit:tlg4089.tlg004,44542
urn:cts:greekLit:tlg4090.tlg001,306200
urn:cts:greekLit:tlg4091.tlg001,3967
urn:cts:greekLit:tlg4102.tlg001,78022
urn:cts:greekLit:tlg4102.tlg002,53277
urn:cts:greekLit:tlg4102.tlg003,13135
urn:cts:greekLit:tlg4102.tlg004,50461
urn:cts:greekLit:tlg4102.tlg005,74738
urn:cts:greekLit:tlg4102.tlg006,3771
urn:cts:greekLit:tlg4102.tlg007,4858
urn:cts:greekLit:tlg4102.tlg008,119081
urn:cts:greekLit:tlg4102.tlg010,49545
urn:cts:greekLit:tlg4102.tlg011,116238
urn:cts:greekLit:tlg4102.tlg012,106515
urn:cts:greekLit:tlg4102.tlg013,34361
urn:cts:greekLit:tlg4102.tlg019,27954
urn:cts:greekLit:tlg4102.tlg020,39735
urn:cts:greekLit:tlg4102.tlg021,19083
urn:cts:greekLit:tlg4102.tlg022,14126
urn:cts:greekLit:tlg4102.tlg023,9927
urn:cts:greekLit:tlg4102.tlg024,9656
urn:cts:greekLit:tlg4102.tlg034,14161
urn:cts:greekLit:tlg4102.tlg035,7930
urn:cts:greekLit:tlg4102.tlg036,4618
urn:cts:greekLit:tlg4102.tlg037,2208
urn:cts:greekLit:tlg4102.tlg038,155207
urn:cts:greekLit:tlg4102.tlg040,10972
urn:cts:greekLit:tlg4102.tlg041,11664
urn:cts:greekLit:tlg4102.tlg042,5328
urn:cts:greekLit:tlg4102.tlg043,11857
urn:cts:greekLit:tlg4102.tlg044,659
urn:cts:greekLit:tlg4102.tlg045,920
urn:cts:greekLit:tlg4102.tlg046,4424
urn:cts:greekLit:tlg4102.tlgX01,769
urn:cts:greekLit:tlg4102.tlgX02,89419
urn:cts:greekLit:tlg4102.tlgX03,23627
urn:cts:greekLit:tlg4170.tlg001a,543
urn:cts:greekLit:tlg4170.tlg001b,540
urn:cts:greekLit:tlg4170.tlg001c,205
urn:cts:greekLit:tlg4170.tlg001d,188
urn:cts:greekLit:tlg4174.tlg001,13254
urn:cts:greekLit:tlg4193.tlg012,29407
urn:cts:greekLit:tlg5019.tlg001,16802
urn:cts:greekLit:tlg5019.tlg002,2354
urn:cts:greekLit:tlg5022.tlg002,12897
urn:cts:greekLit:tlg5022.tlg003,3816
urn:cts:greekLit:tlg5022.tlg004,6416
urn:cts:greekLit:tlg5022.tlg005,3126
urn:cts:greekLit:tlg5022.tlg006,4643
urn:cts:greekLit:tlg5022.tlg007,566
urn:cts:greekLit:tlg5023.tlg001,154887
urn:cts:greekLit:tlg5023.tlg010,1548
urn:cts:greekLit:tlg5023.tlg011,3901
urn:cts:greekLit:tlg5023.tlg012,6284
urn:cts:greekLit:tlg5023.tlg013,27056
urn:cts:greekLit:tlg5023.tlg014,89437
urn:cts:greekLit:tlg5023.tlg015,83007
urn:cts:greekLit:tlg5023.tlg016,83185
urn:cts:greekLit:tlg5026.tlg001,767752
urn:cts:greekLit:tlg5026.tlg007,177393
urn:cts:greekLit:tlg5029.tlg001,56735
urn:cts:greekLit:tlg5031.tlg001,21021
urn:cts:greekLit:tlg5031.tlg002,13118
urn:cts:greekLit:tlg5034.tlg001a,71422
urn:cts:greekLit:tlg5034.tlg001b,45302
urn:cts:greekLit:tlg5034.tlg001c,34678
urn:cts:greekLit:tlg5034.tlg001d,15998
urn:cts:greekLit:tlg5037.tlg004,77003
urn:cts:greekLit:tlg9004.tlg001,18275
urn:cts:greekLit:tlg9006.tlg001,2683
urn:cts:greekLit:tlg9006.tlg011,6212
urn:cts:greekLit:tlg9006.tlg016,6212
urn:cts:greekLit:tlg9007.tlg001,7838
urn:cts:greekLit:tlg9010.tlg001,497619
urn:cts:latinLit:phi0119.phi001,9198
urn:cts:latinLit:phi0119.phi002,7630
urn:cts:latinLit:phi0119.phi003,6545
urn:cts:latinLit:phi0119.phi004,9398
urn:cts:latinLit:phi0119.phi005,8310
urn:cts:latinLit:phi0119.phi006,7171
urn:cts:latinLit:phi0119.phi007,4821
urn:cts:latinLit:phi0119.phi008,5730
urn:cts:latinLit:phi0119.phi009,5979
urn:cts:latinLit:phi0119.phi010,8943
urn:cts:latinLit:phi0119.phi011,8000
urn:cts:latinLit:phi0119.phi012,11873
urn:cts:latinLit:phi0119.phi013,8902
urn:cts:latinLit:phi0119.phi014,7192
urn:cts:latinLit:phi0119.phi015,10721
urn:cts:latinLit:phi0119.phi016,10105
urn:cts:latinLit:phi0119.phi017,11046
urn:cts:latinLit:phi0119.phi018,5940
urn:cts:latinLit:phi0119.phi019,9358
urn:cts:latinLit:phi0119.phi020,7854
urn:cts:latinLit:phi0134.phi001,6651
urn:cts:latinLit:phi0134.phi002,7221
urn:cts:latinLit:phi0134.phi003,7419
urn:cts:latinLit:phi0134.phi004,6940
urn:cts:latinLit:phi0134.phi005,6779
urn:cts:latinLit:phi0134.phi006,6880
urn:cts:latinLit:phi0448.phi001,51301
urn:cts:latinLit:phi0448.phi002,32367
urn:cts:latinLit:phi0472.phi001,12868
urn:cts:latinLit:phi0474.phi001,8630
urn:cts:latinLit:phi0474.phi002,13280
urn:cts:latinLit:phi0474.phi003,4762
urn:cts:latinLit:phi0474.phi004,5813
urn:cts:latinLit:phi0474.phi005,100283
urn:cts:latinLit:phi0474.phi006,3444
urn:cts:latinLit:phi0474.phi007,4537
urn:cts:latinLit:phi0474.phi008,10365
urn:cts:latinLit:phi0474.phi009,6668
urn:cts:latinLit:phi0474.phi010,20821
urn:cts:latinLit:phi0474.phi011,13760
urn:cts:latinLit:phi0474.phi012,3555
urn:cts:latinLit:phi0474.phi013,12578
urn:cts:latinLit:phi0474.phi014,10576
urn:cts:latinLit:phi0474.phi015,9289
urn:cts:latinLit:phi0474.phi016,3115
urn:cts:latinLit:phi0474.phi017,10908
urn:cts:latinLit:phi0474.phi018,2636
urn:cts:latinLit:phi0474.phi019,4329
urn:cts:latinLit:phi0474.phi020,15118
urn:cts:latinLit:phi0474.phi021,7511
urn:cts:latinLit:phi0474.phi022,16755
urn:cts:latinLit:phi0474.phi023,4472
urn:cts:latinLit:phi0474.phi024,8499
urn:cts:latinLit:phi0474.phi025,5118
urn:cts:latinLit:phi0474.phi026,6780
urn:cts:latinLit:phi0474.phi027,10887
urn:cts:latinLit:phi0474.phi028,11594
urn:cts:latinLit:phi0474.phi029,2964
urn:cts:latinLit:phi0474.phi030,4068
urn:cts:latinLit:phi0474.phi031,10483
urn:cts:latinLit:phi0474.phi032,2764
urn:cts:latinLit:phi0474.phi033,3272
urn:cts:latinLit:phi0474.phi034,3896
urn:cts:latinLit:phi0474.phi035,52390
urn:cts:latinLit:phi0474.phi036,33437
urn:cts:latinLit:phi0474.phi037,61985
urn:cts:latinLit:phi0474.phi038,9901
urn:cts:latinLit:phi0474.phi039,25053
urn:cts:latinLit:phi0474.phi040,18492
urn:cts:latinLit:phi0474.phi041,1609
urn:cts:latinLit:phi0474.phi042,6895
urn:cts:latinLit:phi0474.phi043,22030
urn:cts:latinLit:phi0474.phi045,4226
urn:cts:latinLit:phi0474.phi046,18035
urn:cts:latinLit:phi0474.phi047,4386
urn:cts:latinLit:phi0474.phi048,47103
urn:cts:latinLit:phi0474.phi049,56496
urn:cts:latinLit:phi0474.phi050,35701
urn:cts:latinLit:phi0474.phi051,8245
urn:cts:latinLit:phi0474.phi052,9312
urn:cts:latinLit:phi0474.phi053,27305
urn:cts:latinLit:phi0474.phi054,5210
urn:cts:latinLit:phi0474.phi055,34197
urn:cts:latinLit:phi0474.phi056,114454
urn:cts:latinLit:phi0474.phi057,122976
urn:cts:latinLit:phi0474.phi058,18736
urn:cts:latinLit:phi0474.phi059,9548
urn:cts:latinLit:phi0474.phi072,4232
urn:cts:latinLit:phi0478.phi003,4348
urn:cts:latinLit:phi0550.phi001,49036
urn:cts:latinLit:phi0588.abo001,1357
urn:cts:latinLit:phi0588.abo002,1716
urn:cts:latinLit:phi0588.abo003,347
urn:cts:latinLit:phi0588.abo004,887
urn:cts:latinLit:phi0588.abo005,541
urn:cts:latinLit:phi0588.abo006,540
urn:cts:latinLit:phi0588.abo007,2021
urn:cts:latinLit:phi0588.abo008,603
urn:cts:latinLit:phi0588.abo009,741
urn:cts:latinLit:phi0588.abo010,1484
urn:cts:latinLit:phi0588.abo011,411
urn:cts:latinLit:phi0588.abo012,489
urn:cts:latinLit:phi0588.abo013,657
urn:cts:latinLit:phi0588.abo014,1822
urn:cts:latinLit:phi0588.abo015,1673
urn:cts:latinLit:phi0588.abo016,714
urn:cts:latinLit:phi0588.abo017,1390
urn:cts:latinLit:phi0588.abo018,2289
urn:cts:latinLit:phi0588.abo019,542
urn:cts:latinLit:phi0588.abo020,828
urn:cts:latinLit:phi0588.abo021,443
urn:cts:latinLit:phi0588.abo022,518
urn:cts:latinLit:phi0588.abo023,2079
urn:cts:latinLit:phi0588.abo024,270
urn:cts:latinLit:phi0588.abo025,3597
urn:cts:latinLit:phi0620.phi001,25382
urn:cts:latinLit:phi0631.phi001,10660
urn:cts:latinLit:phi0631.phi002,21235
urn:cts:latinLit:phi0631.phi003,4061
urn:cts:latinLit:phi0660.phi001,12356
urn:cts:latinLit:phi0660.phi003,256
urn:cts:latinLit:phi0684.phi002,35486
urn:cts:latinLit:phi0690.phi001,5610
urn:cts:latinLit:phi0690.phi002,14170
urn:cts:latinLit:phi0690.phi003,63682
urn:cts:latinLit:phi0836.phi002,104082
urn:cts:latinLit:phi0845.phi002,78175
urn:cts:latinLit:phi0860.phi001,74499
urn:cts:latinLit:phi0893.phi001,13292
urn:cts:latinLit:phi0893.phi002,310
urn:cts:latinLit:phi0893.phi003,3003
urn:cts:latinLit:phi0893.phi004,14261
urn:cts:latinLit:phi0893.phi005,9913
urn:cts:latinLit:phi0893.phi006,3090
urn:cts:latinLit:phi0914.phi001,506617
urn:cts:latinLit:phi0917.phi001,51076
urn:cts:latinLit:phi0929.phi001,16051
urn:cts:latinLit:phi0959.phi001,15831
urn:cts:latinLit:phi0959.phi002,26034
urn:cts:latinLit:phi0959.phi003,613
urn:cts:latinLit:phi0959.phi004,14897
urn:cts:latinLit:phi0959.phi005,5256
urn:cts:latinLit:phi0959.phi006,77677
urn:cts:latinLit:phi0959.phi007,31291
urn:cts:latinLit:phi0959.phi008,22833
urn:cts:latinLit:phi0959.phi009,20797
urn:cts:latinLit:phi0959.phi010,4618
urn:cts:latinLit:phi0969.phi001,4504
urn:cts:latinLit:phi0972.phi001,30029
urn:cts:latinLit:phi0975.phi001,10988
urn:cts:latinLit:phi0978.phi001,401090
urn:cts:latinLit:phi1002.phi001,173004
urn:cts:latinLit:phi1014.phi001,65395
urn:cts:latinLit:phi1014.phi002,21740
urn:cts:latinLit:phi1014.phi003,10184
urn:cts:latinLit:phi1014.phi004,145
urn:cts:latinLit:phi1017.phi001,7513
urn:cts:latinLit:phi1017.phi002,6700
urn:cts:latinLit:phi1017.phi003,4076
urn:cts:latinLit:phi1017.phi004,5563
urn:cts:latinLit:phi1017.phi005,7076
urn:cts:latinLit:phi1017.phi006,5782
urn:cts:latinLit:phi1017.phi007,5457
urn:cts:latinLit:phi1017.phi008,6169
urn:cts:latinLit:phi1017.phi009,11171
urn:cts:latinLit:phi1017.phi010,5030
urn:cts:latinLit:phi1017.phi011,2873
urn:cts:latinLit:phi1017.phi013,47686
urn:cts:latinLit:phi1017.phi014,8639
urn:cts:latinLit:phi1017.phi015,121044
urn:cts:latinLit:phi1020.phi001,62867
urn:cts:latinLit:phi1020.phi002,23967
urn:cts:latinLit:phi1020.phi003,7285
urn:cts:latinLit:phi1035.phi001,37205
urn:cts:latinLit:phi1038.phi001,79875
urn:cts:latinLit:phi1056.phi001,57856
urn:cts:latinLit:phi1103.phi001,3372
urn:cts:latinLit:phi1212.phi001,21828
urn:cts:latinLit:phi1212.phi002,53289
urn:cts:latinLit:phi1212.phi003,7855
urn:cts:latinLit:phi1242.phi001,26196
urn:cts:latinLit:phi1254.phi001,123221
urn:cts:latinLit:phi1276.phi001,25064
urn:cts:latinLit:phi1294.phi002,56211
urn:cts:latinLit:phi1318.phi001,65732
urn:cts:latinLit:phi1345.phi001,76356
urn:cts:latinLit:phi1348.abo011,9743
urn:cts:latinLit:phi1348.abo012,13852
urn:cts:latinLit:phi1348.abo013,9288
urn:cts:latinLit:phi1348.abo014,7754
urn:cts:latinLit:phi1348.abo015,6562
urn:cts:latinLit:phi1348.abo016,7938
urn:cts:latinLit:phi1348.abo017,2863
urn:cts:latinLit:phi1348.abo018,1670
urn:cts:latinLit:phi1348.abo019,2400
urn:cts:latinLit:phi1348.abo020,3212
urn:cts:latinLit:phi1348.abo021,1486
urn:cts:latinLit:phi1348.abo022,3581
urn:cts:latinLit:phi1351.phi001,6737
urn:cts:latinLit:phi1351.phi002,5513
urn:cts:latinLit:phi1351.phi004,51485
urn:cts:latinLit:phi2003.phi001,15055
urn:cts:latinLit:phi2003.phi002,1108
urn:cts:latinLit:phi2003.phi003,122
urn:cts:latinLit:phi2003.phi004,2404
urn:cts:latinLit:phi2331.phi001,5132
urn:cts:latinLit:phi2331.phi002,1441
urn:cts:latinLit:phi2331.phi003,2247
urn:cts:latinLit:phi2331.phi004,5507
urn:cts:latinLit:phi2331.phi005,2060
urn:cts:latinLit:phi2331.phi006,2616
urn:cts:latinLit:phi2331.phi007,3470
urn:cts:latinLit:phi2331.phi008,2605
urn:cts:latinLit:phi2331.phi009,1590
urn:cts:latinLit:phi2331.phi010,4218
urn:cts:latinLit:phi2331.phi011,2280
urn:cts:latinLit:phi2331.phi012,2705
urn:cts:latinLit:phi2331.phi013,2040
urn:cts:latinLit:phi2331.phi014,1231
urn:cts:latinLit:phi2331.phi015,2489
urn:cts:latinLit:phi2331.phi016,1673
urn:cts:latinLit:phi2331.phi017,5789
urn:cts:latinLit:phi2331.phi018,10681
urn:cts:latinLit:phi2331.phi019,5424
urn:cts:latinLit:phi2331.phi020,5556
urn:cts:latinLit:phi2331.phi021,3147
urn:cts:latinLit:phi2331.phi022,1027
urn:cts:latinLit:phi2331.phi023,3690
urn:cts:latinLit:phi2331.phi024,6647
urn:cts:latinLit:phi2331.phi025,2983
urn:cts:latinLit:phi2331.phi026,7843
urn:cts:latinLit:phi2331.phi027,3104
urn:cts:latinLit:phi2331.phi028,4139
urn:cts:latinLit:phi2331.phi029,2326
urn:cts:latinLit:phi2331.phi030,2669
urn:cts:latinLit:phi9500.phi035,112
urn:cts:latinLit:stoa0007.stoa002,11653
urn:cts:latinLit:stoa0022.stoa014,10147
urn:cts:latinLit:stoa0022.stoa015,10121
urn:cts:latinLit:stoa0022.stoa019,6596
urn:cts:latinLit:stoa0022.stoa021,15058
urn:cts:latinLit:stoa0022.stoa025,8796
urn:cts:latinLit:stoa0022.stoa029,8569
urn:cts:latinLit:stoa0022.stoa032,17347
urn:cts:latinLit:stoa0022.stoa034,12969
urn:cts:latinLit:stoa0022.stoa035,9674
urn:cts:latinLit:stoa0022.stoa038,7989
urn:cts:latinLit:stoa0022.stoa039,17817
urn:cts:latinLit:stoa0022.stoa042,13988
urn:cts:latinLit:stoa0022.stoa044,10205
urn:cts:latinLit:stoa0022.stoa048,95324
urn:cts:latinLit:stoa0022.stoa051,106255
urn:cts:latinLit:stoa0022.stoa052,117046
urn:cts:latinLit:stoa0022.stoa054,51591
urn:cts:latinLit:stoa0022a.stoa001,96422
urn:cts:latinLit:stoa0023.stoa001,127473
urn:cts:latinLit:stoa0028e.stoa001,5731
urn:cts:latinLit:stoa0034.stoa001,66374
urn:cts:latinLit:stoa0040.stoa001,78995
urn:cts:latinLit:stoa0040.stoa001a,26328
urn:cts:latinLit:stoa0040.stoa003,298605
urn:cts:latinLit:stoa0040.stoa006,5803
urn:cts:latinLit:stoa0040.stoa011,717
urn:cts:latinLit:stoa0040.stoa014a,13852
urn:cts:latinLit:stoa0040.stoa015b,674
urn:cts:latinLit:stoa0040.stoa016,21992
urn:cts:latinLit:stoa0040.stoa017,17494
urn:cts:latinLit:stoa0040.stoa019,57228
urn:cts:latinLit:stoa0040.stoa020,22439
urn:cts:latinLit:stoa0040.stoa021,33687
urn:cts:latinLit:stoa0040.stoa021a,13013
urn:cts:latinLit:stoa0040.stoa023,28093
urn:cts:latinLit:stoa0040.stoa024,125715
urn:cts:latinLit:stoa0040.stoa024b,6566
urn:cts:latinLit:stoa0040.stoa025,18837
urn:cts:latinLit:stoa0040.stoa027,57047
urn:cts:latinLit:stoa0040.stoa029,11873
urn:cts:latinLit:stoa0040.stoa029a,15097
urn:cts:latinLit:stoa0040.stoa031,10269
urn:cts:latinLit:stoa0040.stoa031a,13291
urn:cts:latinLit:stoa0040.stoa032,7432
urn:cts:latinLit:stoa0040.stoa033,30476
urn:cts:latinLit:stoa0040.stoa033a,52505
urn:cts:latinLit:stoa0040.stoa034,7447
urn:cts:latinLit:stoa0040.stoa035,8915
urn:cts:latinLit:stoa0040.stoa035a,7599
urn:cts:latinLit:stoa0040.stoa036,13562
urn:cts:latinLit:stoa0040.stoa037,75587
urn:cts:latinLit:stoa0040.stoa037a,8755
urn:cts:latinLit:stoa0040.stoa037c,6750
urn:cts:latinLit:stoa0040.stoa038a,3604
urn:cts:latinLit:stoa0040.stoa040,6633
urn:cts:latinLit:stoa0040.stoa041,12290
urn:cts:latinLit:stoa0040.stoa042,10574
urn:cts:latinLit:stoa0040.stoa042a,96720
urn:cts:latinLit:stoa0040.stoa044,15526
urn:cts:latinLit:stoa0040.stoa046,9997
urn:cts:latinLit:stoa0040.stoa050,11903
urn:cts:latinLit:stoa0040.stoa053,7991
urn:cts:latinLit:stoa0040.stoa054,16738
urn:cts:latinLit:stoa0040.stoa055,12563
urn:cts:latinLit:stoa0040.stoa056,18032
urn:cts:latinLit:stoa0040.stoa056a,23363
urn:cts:latinLit:stoa0040.stoa056b,5251
urn:cts:latinLit:stoa0040.stoa056c,9428
urn:cts:latinLit:stoa0040.stoa057,34815
urn:cts:latinLit:stoa0040.stoa057a,9956
urn:cts:latinLit:stoa0040.stoa060,12308
urn:cts:latinLit:stoa0040.stoa062,193
urn:cts:latinLit:stoa0040.stoa063,142
urn:cts:latinLit:stoa0040.stoa064,10853
urn:cts:latinLit:stoa0040.stoa066c,3677
urn:cts:latinLit:stoa0040.stoa070,23105
urn:cts:latinLit:stoa0040.stoa070a,5279
urn:cts:latinLit:stoa0040.stoa072,2291
urn:cts:latinLit:stoa0040.stoa074,115126
urn:cts:latinLit:stoa0040.stoa077,27010
urn:cts:latinLit:stoa0040.stoa077c,2967
urn:cts:latinLit:stoa0040.stoa077d,1488
urn:cts:latinLit:stoa0040.stoa080,61095
urn:cts:latinLit:stoa0040.stoa080a,51738
urn:cts:latinLit:stoa0045.stoa001,368
urn:cts:latinLit:stoa0045.stoa002,849
urn:cts:latinLit:stoa0045.stoa003,1559
urn:cts:latinLit:stoa0045.stoa004,2638
urn:cts:latinLit:stoa0045.stoa005,743
urn:cts:latinLit:stoa0045.stoa006,248
urn:cts:latinLit:stoa0045.stoa007,2759
urn:cts:latinLit:stoa0045.stoa008,1297
urn:cts:latinLit:stoa0045.stoa009,492
urn:cts:latinLit:stoa0045.stoa010,3746
urn:cts:latinLit:stoa0045.stoa011,10185
urn:cts:latinLit:stoa0045.stoa012,1211
urn:cts:latinLit:stoa0045.stoa013,171
urn:cts:latinLit:stoa0045.stoa014,4143
urn:cts:latinLit:stoa0045.stoa015,1072
urn:cts:latinLit:stoa0045.stoa016,805
urn:cts:latinLit:stoa0045.stoa017,145
urn:cts:latinLit:stoa0045.stoa018,1377
urn:cts:latinLit:stoa0045.stoa019,3259
urn:cts:latinLit:stoa0045.stoa020,211
urn:cts:latinLit:stoa0045.stoa021,1048
urn:cts:latinLit:stoa0045.stoa022,2602
urn:cts:latinLit:stoa0045.stoa025,548
urn:cts:latinLit:stoa0045.stoa026,463
urn:cts:latinLit:stoa0045.stoa027,195
urn:cts:latinLit:stoa0045.stoa028,1496
urn:cts:latinLit:stoa0045a.stoa001,153696
urn:cts:latinLit:stoa0054.stoa001a,4005
urn:cts:latinLit:stoa0058.stoa001,24888
urn:cts:latinLit:stoa0058.stoa003,1392
urn:cts:latinLit:stoa0058.stoa006,1932
urn:cts:latinLit:stoa0058.stoa007,37509
urn:cts:latinLit:stoa0058.stoa023,5900
urn:cts:latinLit:stoa0058.stoa025,2907
urn:cts:latinLit:stoa0058.stoa028,561
urn:cts:latinLit:stoa0076c.stoa001,136524
urn:cts:latinLit:stoa0076c.stoa002,43311
urn:cts:latinLit:stoa0076c.stoa003,38646
urn:cts:latinLit:stoa0089.stoa001,7774
urn:cts:latinLit:stoa0089.stoa002,3165
urn:cts:latinLit:stoa0089.stoa003,4154
urn:cts:latinLit:stoa0089.stoa004,7793
urn:cts:latinLit:stoa0089.stoa005,7381
urn:cts:latinLit:stoa0089.stoa006,2192
urn:cts:latinLit:stoa0089.stoa007,548
urn:cts:latinLit:stoa0089.stoa008,7189
urn:cts:latinLit:stoa0089.stoa009,5740
urn:cts:latinLit:stoa0089.stoa010,1382
urn:cts:latinLit:stoa0089.stoa011,3966
urn:cts:latinLit:stoa0089.stoa012,4173
urn:cts:latinLit:stoa0089.stoa013,2153
urn:cts:latinLit:stoa0089.stoa014,1705
urn:cts:latinLit:stoa0089a.stoa001,31484
urn:cts:latinLit:stoa0089a.stoa002,1677
urn:cts:latinLit:stoa0096.stoa003,8500
urn:cts:latinLit:stoa0096.stoa004,7323
urn:cts:latinLit:stoa0104a.stoa001,2747
urn:cts:latinLit:stoa0104a.stoa002,4593
urn:cts:latinLit:stoa0104a.stoa003,4118
urn:cts:latinLit:stoa0104a.stoa004,4065
urn:cts:latinLit:stoa0104a.stoa005,6418
urn:cts:latinLit:stoa0104a.stoa006,1771
urn:cts:latinLit:stoa0104a.stoa007,5914
urn:cts:latinLit:stoa0104a.stoa008,3922
urn:cts:latinLit:stoa0104a.stoa009,4822
urn:cts:latinLit:stoa0104a.stoa010,5050
urn:cts:latinLit:stoa0104a.stoa011,2929
urn:cts:latinLit:stoa0104a.stoa012,71717
urn:cts:latinLit:stoa0104a.stoa013,3819
urn:cts:latinLit:stoa0104a.stoa014,26149
urn:cts:latinLit:stoa0104a.stoa015,6242
urn:cts:latinLit:stoa0104c.stoa001,34511
urn:cts:latinLit:stoa0104p.stoa001,3989
urn:cts:latinLit:stoa0104p.stoa002,2396
urn:cts:latinLit:stoa0104p.stoa003,6300
urn:cts:latinLit:stoa0104p.stoa005,2484
urn:cts:latinLit:stoa0104p.stoa006,8655
urn:cts:latinLit:stoa0104p.stoa007,4737
urn:cts:latinLit:stoa0104p.stoa008,2935
urn:cts:latinLit:stoa0104p.stoa009,5080
urn:cts:latinLit:stoa0104p.stoa010,6941
urn:cts:latinLit:stoa0104p.stoa011,11571
urn:cts:latinLit:stoa0104p.stoa013,1983
urn:cts:latinLit:stoa0104p.stoa014,4304
urn:cts:latinLit:stoa0104p.stoa015,904
urn:cts:latinLit:stoa0104p.stoa016,2161
urn:cts:latinLit:stoa0104p.stoa018,2088
urn:cts:latinLit:stoa0104p.stoa019,367
urn:cts:latinLit:stoa0104p.stoa020,2155
urn:cts:latinLit:stoa0104p.stoa021,576
urn:cts:latinLit:stoa0111.stoa001,17570
urn:cts:latinLit:stoa0114a.stoa001,665
urn:cts:latinLit:stoa0114a.stoa002,587
urn:cts:latinLit:stoa0114a.stoa003,11450
urn:cts:latinLit:stoa0114a.stoa004,16490
urn:cts:latinLit:stoa0114a.stoa005,2181
urn:cts:latinLit:stoa0114a.stoa006,4812
urn:cts:latinLit:stoa0114a.stoa007,1456
urn:cts:latinLit:stoa0114a.stoa008,48171
urn:cts:latinLit:stoa0114a.stoa011,1598
urn:cts:latinLit:stoa0114a.stoa012,7999
urn:cts:latinLit:stoa0114a.stoa013,265
urn:cts:latinLit:stoa0114a.stoa014,662
urn:cts:latinLit:stoa0114a.stoa015,10668
urn:cts:latinLit:stoa0117.stoa001,3839
urn:cts:latinLit:stoa0117.stoa002,8765
urn:cts:latinLit:stoa0117.stoa003,14599
urn:cts:latinLit:stoa0117.stoa004,1664
urn:cts:latinLit:stoa0117p.stoa001,1527
urn:cts:latinLit:stoa0119.stoa001,10513
urn:cts:latinLit:stoa0119.stoa002,620
urn:cts:latinLit:stoa0119.stoa003,235227
urn:cts:latinLit:stoa0120c.stoa001,6730
urn:cts:latinLit:stoa0120d.stoa001,7237
urn:cts:latinLit:stoa0121g.stoa001,21521
urn:cts:latinLit:stoa0121g.stoa002,11934
urn:cts:latinLit:stoa0121g.stoa003,11737
urn:cts:latinLit:stoa0121g.stoa004,28026
urn:cts:latinLit:stoa0121g.stoa005,1500
urn:cts:latinLit:stoa0122a.stoa001,27636
urn:cts:latinLit:stoa0123a.stoa001,13793
urn:cts:latinLit:stoa0149b.stoa001,188799
urn:cts:latinLit:stoa0149b.stoa002,16804
urn:cts:latinLit:stoa0149b.stoa003,318
urn:cts:latinLit:stoa0149b.stoa004,1304
urn:cts:latinLit:stoa0149b.stoa005,1651
urn:cts:latinLit:stoa0149b.stoa006,563
urn:cts:latinLit:stoa0149b.stoa007,1197
urn:cts:latinLit:stoa0149b.stoa008,1612
urn:cts:latinLit:stoa0149b.stoa009,8340
urn:cts:latinLit:stoa0149c.stoa001,110
urn:cts:latinLit:stoa0149p.stoa001,733
urn:cts:latinLit:stoa0149p.stoa002,2708
urn:cts:latinLit:stoa0149p.stoa003,1301
urn:cts:latinLit:stoa0162.stoa004,284606
urn:cts:latinLit:stoa0162.stoa024,83912
urn:cts:latinLit:stoa0169a.stoa002,19780
urn:cts:latinLit:stoa0171.stoa001,1069
urn:cts:latinLit:stoa0171.stoa002,10952
urn:cts:latinLit:stoa0171.stoa004,517
urn:cts:latinLit:stoa0171.stoa006,12133
urn:cts:latinLit:stoa0171.stoa007,10937
urn:cts:latinLit:stoa0171.stoa008,17758
urn:cts:latinLit:stoa0171.stoa009,118310
urn:cts:latinLit:stoa0171.stoa010,2047
urn:cts:latinLit:stoa0180a.stoa001,8559
urn:cts:latinLit:stoa0180a.stoa002,20708
urn:cts:latinLit:stoa0180a.stoa003,8622
urn:cts:latinLit:stoa0180a.stoa004,38878
urn:cts:latinLit:stoa0180a.stoa005,2951
urn:cts:latinLit:stoa0180a.stoa006,8986
urn:cts:latinLit:stoa0195a.stoa002,887
urn:cts:latinLit:stoa0203.stoa001,11647
urn:cts:latinLit:stoa0215a.stoa001,33758
urn:cts:latinLit:stoa0215a.stoa002,9088
urn:cts:latinLit:stoa0215b.stoa001,3981
urn:cts:latinLit:stoa0215b.stoa002,1391
urn:cts:latinLit:stoa0215b.stoa003,337
urn:cts:latinLit:stoa0215c.stoa001,74935
urn:cts:latinLit:stoa0215c.stoa002,11442
urn:cts:latinLit:stoa0215c.stoa003,1130
urn:cts:latinLit:stoa0222a.stoa001,769
urn:cts:latinLit:stoa0223.stoa001,57379
urn:cts:latinLit:stoa0223.stoa002,717
urn:cts:latinLit:stoa0223a.stoa001,3953
urn:cts:latinLit:stoa0224b.stoa001,21970
urn:cts:latinLit:stoa0224b.stoa002,521
urn:cts:latinLit:stoa0224b.stoa003,158
urn:cts:latinLit:stoa0227b.stoa001,4479
urn:cts:latinLit:stoa0233d.stoa001,4216
urn:cts:latinLit:stoa0233d.stoa002,844
urn:cts:latinLit:stoa0233h.stoa001,943
urn:cts:latinLit:stoa0234e.stoa001,4174
urn:cts:latinLit:stoa0234e.stoa002,20376
urn:cts:latinLit:stoa0234f.stoa001,5062
urn:cts:latinLit:stoa0238.stoa001,17613
urn:cts:latinLit:stoa0238.stoa002,6014
urn:cts:latinLit:stoa0238.stoa003,234
urn:cts:latinLit:stoa0238.stoa004,7380
urn:cts:latinLit:stoa0238.stoa005,7430
urn:cts:latinLit:stoa0238.stoa006,6405
urn:cts:latinLit:stoa0238.stoa007,12039
urn:cts:latinLit:stoa0238.stoa008,1251
urn:cts:latinLit:stoa0238.stoa009,136
urn:cts:latinLit:stoa0241d.stoa002,12438
urn:cts:latinLit:stoa0244d.stoa005,23341
urn:cts:latinLit:stoa0245a.stoa001,21076
urn:cts:latinLit:stoa0245c.stoa001,289
urn:cts:latinLit:stoa0249a.stoa002,44932
urn:cts:latinLit:stoa0249a.stoa003,5424
urn:cts:latinLit:stoa0249a.stoa004,22146
urn:cts:latinLit:stoa0251.stoa001,1734
urn:cts:latinLit:stoa0252.stoa001,299
urn:cts:latinLit:stoa0252.stoa002,11145
urn:cts:latinLit:stoa0252.stoa003,1057
urn:cts:latinLit:stoa0252.stoa006,439
urn:cts:latinLit:stoa0252.stoa007,697
urn:cts:latinLit:stoa0252.stoa008,19788
urn:cts:latinLit:stoa0255.stoa004,6407
urn:cts:latinLit:stoa0255.stoa006,6952
urn:cts:latinLit:stoa0255.stoa007,8665
urn:cts:latinLit:stoa0255.stoa008,5815
urn:cts:latinLit:stoa0255.stoa009,5433
urn:cts:latinLit:stoa0255.stoa010,23223
urn:cts:latinLit:stoa0255.stoa011,2023
urn:cts:latinLit:stoa0255.stoa012,4277
urn:cts:latinLit:stoa0255.stoa013,7793
urn:cts:latinLit:stoa0255.stoa014,7526
urn:cts:latinLit:stoa0270.stoa001,24579
urn:cts:latinLit:stoa0270.stoa002,6672
urn:cts:latinLit:stoa0270.stoa003,15173
urn:cts:latinLit:stoa0270.stoa005,2774
urn:cts:latinLit:stoa0270p.stoa001,7390
urn:cts:latinLit:stoa0275.stoa001,1487
urn:cts:latinLit:stoa0275.stoa002,15297
urn:cts:latinLit:stoa0275.stoa003,1502
urn:cts:latinLit:stoa0275.stoa004,11196
urn:cts:latinLit:stoa0275.stoa005,11186
urn:cts:latinLit:stoa0275.stoa006,83525
urn:cts:latinLit:stoa0275.stoa007,14478
urn:cts:latinLit:stoa0275.stoa008,6400
urn:cts:latinLit:stoa0275.stoa009,19963
urn:cts:latinLit:stoa0275.stoa010,23691
urn:cts:latinLit:stoa0275.stoa011,4298
urn:cts:latinLit:stoa0275.stoa012,9503
urn:cts:latinLit:stoa0275.stoa013,4867
urn:cts:latinLit:stoa0275.stoa014,5124
urn:cts:latinLit:stoa0275.stoa015,3905
urn:cts:latinLit:stoa0275.stoa016,5314
urn:cts:latinLit:stoa0275.stoa017,6923
urn:cts:latinLit:stoa0275.stoa018,5929
urn:cts:latinLit:stoa0275.stoa019,6992
urn:cts:latinLit:stoa0275.stoa020,4508
urn:cts:latinLit:stoa0275.stoa021,4074
urn:cts:latinLit:stoa0275.stoa022,3426
urn:cts:latinLit:stoa0275.stoa023,4545
urn:cts:latinLit:stoa0275.stoa024,8304
urn:cts:latinLit:stoa0275.stoa025,13503
urn:cts:latinLit:stoa0275.stoa026,22721
urn:cts:latinLit:stoa0275.stoa027,6364
urn:cts:latinLit:stoa0275.stoa028,2261
urn:cts:latinLit:stoa0275.stoa029,5569
urn:cts:latinLit:stoa0275.stoa030,8048
urn:cts:latinLit:stoa0276.stoa002,4155
urn:cts:latinLit:stoa0276.stoa003,2559
urn:cts:latinLit:stoa0276.stoa006,700
urn:cts:latinLit:stoa0276.stoa010,1094
urn:cts:latinLit:stoa0278a.stoa001,2515
urn:cts:latinLit:stoa0292a.stoa004,2657
urn:cts:latinLit:stoa0292b.stoa001,12291
urn:cts:latinLit:stoa0292d.stoa001,20127
urn:cts:latinLit:stoa0292e.stoa001,17909
urn:cts:latinLit:stoa0292e.stoa002,1282
urn:cts:latinLit:stoa0292p.stoa001,1221
urn:cts:latinLit:stoa0292p.stoa002,1243
urn:cts:latinLit:stoa0329.stoa001,4042
urn:cts:latinLit:stoa0329c.stoa001,542
urn:cts:latinLit:stoa0367.stoa001,67569
